Timestamp,stock_volume,Price,amount_volume
2020/10/15,6265798,44353038.57,5819706584
2020/10/14,3267859,22796468.55,5662640639
2020/10/13,1844460,12754077.98,5745306926
2020/10/12,4071930,28129606.84,5753573554
2020/10/9,5644925,38637415.44,5670907268
2020/9/30,4019408,26697468.5,5406375150
2020/9/29,1983128,12871436.22,5373308636
2020/9/28,2424402,15799434.25,5373308636
2020/9/25,1796214,11903362.78,5505574694
2020/9/24,2814554,18486127.72,5505574694
2020/9/23,1202240,8043725.6,5538641209
2020/9/22,2087873,14050106.15,5513841323
2020/9/21,3668917,24991660.42,5654374010
2020/9/18,2395251,15826750.67,5505574694
2020/9/17,2416306,15817214.29,5389841893
2020/9/16,1888259,12530702.93,5464241551
2020/9/15,2239130,14744540.35,5464241551
2020/9/14,2428689,16175219.52,5464241551
2020/9/11,2538258,16516772.87,5489041437
2020/9/10,4942015,32455164.08,5340242121
2020/9/9,5129533,34886794.83,5538641209
2020/9/8,3997447,27548908.94,5737040297
2020/9/7,6020759,42323027.03,5687440525
2020/9/4,3317079,23536794.79,5869306356
2020/9/3,6689306,47664686.27,5910639499
2020/9/2,5611274,40268720.23,5918906128
2020/9/1,5277940,37678263.21,5910639499
2020/8/31,7402660,53870112.27,5951972642
2020/8/28,5915599,41633153.26,5861039727
2020/8/27,3887591,27634541.99,5885839613
2020/8/26,4901753,35152696.7,5869306356
2020/8/25,5118597,37180095.31,5968505900
2020/8/24,6721889,48873223.41,6051172186
2020/8/21,10201146,76968934.56,6166904988
2020/8/20,10982684,81056286.61,6018105672
2020/8/19,13500857,105028169.3,6381837333
2020/8/18,6683259,50144754.48,6241304646
2020/8/17,7347005,55055874.71,6224771389
2020/8/14,11486380,86789901.97,6241304646
2020/8/13,24480222,191186986.1,6447970363
2020/8/12,18208944,134059837.6,6059438815
2020/8/11,23972572,181663591.9,6348770819
2020/8/10,2612417,18119277.59,5770106812
2020/8/7,2784572,19047704.34,5662640639
2020/8/6,3216622,22385839.79,5737040297
2020/8/5,4572562,31950292.22,5844506470
2020/8/4,2725221,19335363.11,5827973212
2020/8/3,3244653,23068541.36,5927172756
2020/7/31,2543463,17862465.28,5786640069
2020/7/30,2926345,20768859.03,5827973212
2020/7/29,4496775,31481688.29,5910639499
2020/7/28,2206660,15051659.72,5613040867
2020/7/27,2660610,18158443.24,5613040867
2020/7/24,6304486,44576516.62,5703973782
2020/7/23,3229656,23407574.48,6026372300
2020/7/22,3348599,24954691.08,6133838473
2020/7/21,2947405,21658352.06,6092505330
2020/7/20,3441322,25065918.86,6092505330
2020/7/17,6043405,44378171.73,5951972642
2020/7/16,7426457,55278069.4,6084238701
2020/7/15,12043592,91496201.42,6323970933
2020/7/14,13403517,102176150.8,6257837903
2020/7/13,16544117,129991408,6497570135
2020/7/10,21451289,169800680.7,6530636649
2020/7/9,19025527,142018008.1,6390103962
2020/7/8,13349272,91355508.65,5811439955
2020/7/7,13635689,91199371.31,5555174466
2020/7/6,9556131,61356059.53,5373308636
2020/7/3,6179876,38790799.88,5166642919
2020/7/2,5130649,31353029.41,5092243261
2020/7/1,3722573,22720835.21,5059176746
2020/6/30,1703004,10461005.33,5075710003
2020/6/29,2025191,12415436.88,5059176746
2020/6/24,2448194,15198650.06,5133576404
2020/6/23,3403790,21314051.13,5166642919
2020/6/22,2783702,17245852.3,5141843033
2020/6/19,4052903,25133076.19,5133576404
2020/6/18,2679741,16602731.45,5141843033
2020/6/17,3018807,18808162.63,5133576404
2020/6/16,2447523,15386635.74,5183176176
2020/6/15,2879377,18437121.54,5216242691
2020/6/12,5464848,34657946.89,5307175606
2020/6/11,3061639,19890526.24,5315442235
2020/6/10,4303874,28578410.18,5480774808
2020/6/9,2825029,18157328.17,5348508749
2020/6/8,1497950,13799973.13,5402832315
2020/6/5,2191037,20414076.56,5467784397
2020/6/4,1408300,13356391.13,5609498032
2020/6/3,2850978,27123122.42,5603593297
2020/6/2,2288361,21653541.65,5585879092
2020/6/1,3162191,29492638.78,5554286025
2020/5/29,2532185,23366627.92,5406565652
2020/5/28,2069745,19365448.94,5518833135
2020/5/27,1891908,17996154.54,5583830099
2020/5/26,2533228,24626547.76,5696097583
2020/5/25,2332394,22811132.12,5772912177
2020/5/22,3468401,34325144.81,5826091511
2020/5/21,5174261,50969795.13,5849726771
2020/5/20,3802407,37157076.8,5660644693
2020/5/19,6817344,65561881.29,5861544401
2020/5/18,6051327,57480491.66,5589738914
2020/5/15,5279523,49062034.7,5512924320
2020/5/14,8730121,80247943.1,5447927356
2020/5/13,2841800,24695521.17,5158395425
2020/5/12,3288411,28939739.94,5235210019
2020/5/11,6992430,62455397.41,5300206983
2020/5/8,9012997,81975365.33,5483380246
2020/5/7,3177788,26915890.68,4992948607
2020/5/6,4073249,34723821.46,5057945572
2020/4/30,2833752,24580256.96,5111124906
2020/4/29,1728941,15201522.34,5199757130
2020/4/28,3137214,26963167.82,5134760165
2020/4/27,2232599,20032501.73,5252936464
2020/4/24,2806440,25319944.63,5323842243
2020/4/23,3061539,28118811.31,5436109726
2020/4/22,2502207,22827497.65,5394748022
2020/4/21,3670348,33744089.43,5412474467
2020/4/20,4310442,40420089.05,5530650765
2020/4/17,3037937,29046275.72,5642918249
2020/4/16,4992990,47009545.49,5530650765
2020/4/15,2728925,26937299.08,5826091511
2020/4/14,2059790,20751300.6,5950176624
2020/4/13,2339257,23616356.36,6003355959
2020/4/10,1862256,18583394.2,5885179660
2020/4/9,2057935,20701667.45,5938358995
2020/4/8,3623070,36505163.55,5938358995
2020/4/7,2094092,21585559.5,6074261738
2020/4/3,1517585,15422063.84,6003355959
2020/4/2,1487495,15133345.73,6080170553
2020/4/1,3408082,35001557.98,6009264774
2020/3/31,3686985,39257063.93,6204255666
2020/3/30,2050679,21045009.53,6026991218
2020/3/27,1989328,21657684.47,6351976039
2020/3/26,1731514,18655109.55,6357884854
2020/3/25,1986091,21286857.05,6334249594
2020/3/24,2505338,26383325.2,6239708556
2020/3/23,1586122,16291589.73,6091988183
2020/3/20,1869435,19384698.39,6156985147
2020/3/19,2354240,23813967.93,6056535293
2020/3/18,1802537,18138284.56,5956085439
2020/3/17,3272325,32763780.3,5967903069
2020/3/16,3325568,34931705.08,6133349887
2020/3/13,3001359,31843461.6,6375611299
2020/3/12,3375313,36432388.84,6399246558
2020/3/11,4342125,48680258.77,6558784561
2020/3/10,3438243,36977276.45,6422881818
2020/3/9,4314967,46868367.2,6269252630
2020/3/6,2742380,31001806.68,6647416785
2020/3/5,3762124,42339903.96,6676960860
2020/3/4,2123486,23805963.54,6635599155
2020/3/3,3787482,43108681.79,6671052045
2020/3/2,2677661,29508268.21,6541058116
2020/2/28,3934641,42698239.88,6263343815
2020/2/27,3469635,39282638.81,6730140194
2020/2/26,4577639,51708032.74,6659234415
2020/2/25,5027262,56347633.01,6671052045
2020/2/24,4046765,46255565.75,6806954788
2020/2/21,5225231,59435923.5,6730140194
2020/2/20,5850015,65220982.07,6671052045
2020/2/19,6438933,70007825.82,6464243522
2020/2/18,5070340,54299773.28,6375611299
2020/2/17,5415601,57244657.27,6275161445
2020/2/14,4832637,51053224.87,6180620406
2020/2/13,3383614,35464652.52,6133349887
2020/2/12,3237915,34495777.86,6351976039
2020/2/11,5616425,59566875.07,6334249594
2020/2/10,5074556,52990591.16,6151076332
2020/2/7,9138205,99182629.27,6428790633
2020/2/6,4933114,51133277.93,6257435000
2020/2/5,5230374,50219894.98,5690188768
2020/2/4,5946633,55520916.1,5554286025
2020/2/3,695200,6917240,5879270845
2020/1/23,4910382,54510833.24,6529240487
2020/1/22,3756410,42812680.7,6848316492
2020/1/21,4040484,47766216.12,6948766346
2020/1/20,5334833,64052354.93,7090577904
2020/1/17,6453285,79333856.91,7196936573
2020/1/16,6403495,77831678.08,7126030794
2020/1/15,9821680,119387171.5,7131939608
2020/1/14,16734342,208117967.2,7456924429
2020/1/13,2080818,23743956.16,6777410713
2020/1/10,2329627,26725633.24,6801045973
2020/1/9,3115359,35622509.43,6765593083
2020/1/8,2733546,31084195,6694687304
2020/1/7,1993880,22537173.13,6706504934
2020/1/6,2804699,31668737.87,6635599155
2020/1/3,2083338,23575627.96,6665143230
2020/1/2,4851138,54843750,6759684268
2019/12/31,3757171,40837989.1,6470152337
2019/12/30,2205329,24304071.04,6517422857
2019/12/27,2904217,32422648.23,6564693376
2019/12/26,1318949,14911850.61,6676960860
2019/12/25,1256678,14154447.36,6659234415
2019/12/24,1310601,14716934.48,6629690340
2019/12/23,1819663,20476926.98,6641507970
2019/12/20,1452285,16537986.59,6724231379
2019/12/19,2748534,31376161.48,6777410713
2019/12/18,2103662,23763730.27,6665143230
2019/12/17,2036913,23068636.31,6730140194
2019/12/16,1983651,22481832.56,6676960860
2019/12/13,959670,10834853.21,6712413749
2019/12/12,868021,9743023.44,6623781525
2019/12/11,966901,10868336.23,6617872710
2019/12/10,1190585,13370910.2,6611963895
2019/12/9,1722653,19532156.97,6688778489
2019/12/6,836097,9548281.9,6741957824
2019/12/5,1427175,16255034.63,6741957824
2019/12/4,1373954,15414868.27,6647416785
2019/12/3,869905,9867365,6688778489
2019/12/2,1770753,20301578.09,6765593083
2019/11/29,1965034,22795840.67,6812863603
2019/11/28,1256234,14290559.12,6700596119
2019/11/27,1590777,18009423.26,6688778489
2019/11/26,1225459,13761544.87,6606055081
2019/11/25,2435894,27526643.73,6665143230
2019/11/22,1418997,16455238.72,6812863603
2019/11/21,1244480,14451996.2,6907404641
2019/11/20,1451358,16923028.71,6860134122
2019/11/19,2528290,29828508.8,6990128050
2019/11/18,3367563,39744964.99,7102395534
2019/11/15,2360470,27010925.5,6712413749
2019/11/14,1195423,13931258.68,6860134122
2019/11/13,1299144,15169924.36,6901495827
2019/11/12,1688230,19711202.07,6895587012
2019/11/11,2401957,28387172.87,7007854495
2019/11/8,1894435,22576781.4,7007854495
2019/11/7,2484917,29554155.2,7084669089
2019/11/6,2919587,34374632.61,6883769382
2019/11/5,3271306,37986373.6,6860134122
2019/11/4,4007521,46802454.69,6871951752
2019/11/1,4777019,56931526.43,6990128050
2019/10/31,2099155,25776051.61,7196936573
2019/10/30,1296938,16173006.51,7350565760
2019/10/29,3046572,38162790.71,7409653910
2019/10/28,3418320,43391268.54,7504194948
2019/10/25,3823323,48667245.52,7545556653
2019/10/24,1787891,22480825.3,7462833244
2019/10/23,1931050,24206975.7,7391927465
2019/10/22,4122446,51279608.75,7427380354
2019/10/21,2422092,29069343.72,7149666053
2019/10/18,1737963,21191649.45,7232389462
2019/10/17,1469302,18037237.62,7261933537
2019/10/16,1617437,19777548.49,7196936573
2019/10/15,1689560,20777262.33,7256024722
2019/10/14,2628598,32720572.47,7326930501
2019/10/11,3101239,38812134.38,7362383390
2019/10/10,1873681,23094754.68,7267842352
2019/10/9,2010183,24601496.9,7291477611
2019/10/8,1567222,19199539.57,7191027758
2019/9/30,2254432,27654421.4,7208754202
2019/9/27,1284372,15665856.79,7155574868
2019/9/26,2025795,24883368.75,7208754202
2019/9/25,1232161,15442937.01,7368292205
2019/9/24,1300223,16553169.06,7451015614
2019/9/23,1646668,20840002.12,7539647838
2019/9/20,1430105,18364007.25,7563283098
2019/9/19,1506057,19332820.24,7616462432
2019/9/18,1968620,25145917.63,7569191913
2019/9/17,1972454,25298660.23,7557374283
2019/9/16,2028763,26326607.55,7705094656
2019/9/12,1331685,17213957.35,7646006506
2019/9/11,2082040,27099688.17,7657824136
2019/9/10,3629515,47296315.13,7758273990
2019/9/9,3099209,39808336.73,7634188877
2019/9/6,2426548,30839525.46,7456924429
2019/9/5,3217425,41380430.13,7539647838
2019/9/4,1358714,17362443.79,7545556653
2019/9/3,2302227,29427386.56,7557374283
2019/9/2,2020022,25458344.2,7474650874
2019/8/30,1532958,19074103.95,7291477611
2019/8/29,1288975,16114035.8,7368292205
2019/8/28,1582353,19856131.08,7456924429
2019/8/27,1325378,16578841.22,7315112871
2019/8/26,1197882,14718313.3,7326930501
2019/8/23,891071,11093506.36,7350565760
2019/8/22,1180633,14549851.86,7374201020
2019/8/21,1281961,15638677.14,7196936573
2019/8/20,1464871,17993058.63,7244207092
2019/8/19,2675230,32215775.25,7208754202
2019/8/16,2087534,24517741.31,6931039901
2019/8/15,2256073,26626745.91,7043307385
2019/8/14,2571060,30575744.49,7120121979
2019/8/13,2273513,26588837,6860134122
2019/8/12,2864194,34124232.79,7114213164
2019/8/9,2274276,27996163.69,7214663017
2019/8/8,1771233,22239876.86,7386018650
2019/8/7,1920554,24338128.17,7451015614
2019/8/6,2781454,35073859.07,7445106799
2019/8/5,2179714,28248447.96,7598735987
2019/8/2,2144391,27690157.83,7669641766
2019/8/1,1624314,21401295.77,7781909250
2019/7/31,1346692,17722170.3,7805544509
2019/7/30,1670330,22119198.27,7823270954
2019/7/29,1491166,19748367.79,7835088584
2019/7/26,1891748,25024991.03,7835088584
2019/7/25,1868175,24493701.2,7716912286
2019/7/24,1633243,21323232.39,7716912286
2019/7/23,1379209,17571730.78,7610553617
2019/7/22,1643502,20872983.09,7480559689
2019/7/19,1278174,16523765.86,7646006506
2019/7/18,998790,12889367.15,7586918357
2019/7/17,1289273,16938617.62,7711003471
2019/7/16,1638626,21654387.48,7840997399
2019/7/15,1507152,19647406.29,7734638730
2019/7/12,1282544,16432486.8,7622371247
2019/7/11,2400351,31226609.47,7539647838
2019/7/10,775997,10328950.01,7829179769
2019/7/9,1511857,20132732.59,7911903178
2019/7/8,1614366,21444524.43,7888267918
2019/7/5,1075814,14325974.62,7917811993
2019/7/4,1389396,18546744.67,7911903178
2019/7/3,1803712,24068950.25,7935538438
2019/7/2,2267137,30063342.82,7905994363
2019/7/1,3187074,42328593.39,7911903178
2019/6/28,1265383,16494883.31,7728729915
2019/6/27,1250651,16274847.93,7711003471
2019/6/26,851741,10981870.9,7592827172
2019/6/25,981323,12644903.47,7640097692
2019/6/24,1027822,13330845.17,7663732951
2019/6/21,1380982,17944323.73,7675550581
2019/6/20,1659636,21306202.3,7640097692
2019/6/19,1465308,19012349.58,7581009542
2019/6/18,2049005,26408741.47,7657824136
2019/6/17,1411832,17764071.65,7403745095
2019/6/14,1489014,19062952.41,7498286133
2019/6/13,808891,18041416.59,7750699500
2019/6/12,579150,12871499.5,7733321250
2019/6/11,871009,19159268.14,7736796900
2019/6/10,483278,10480735.98,7524782250
2019/6/6,714956,15392162.56,7469171850
2019/6/5,790236,17148581.7,7538684850
2019/6/4,544320,11709682.2,7476123150
2019/6/3,697559,14980328.77,7466340600
2019/5/31,1704320,36510890.7,7466340600
2019/5/30,1563776,33624210.84,7424629200
2019/5/29,1313985,29293973.04,7685325450
2019/5/28,1331531,29430294.26,7845219150
2019/5/27,879705,19070943.3,7612330500
2019/5/24,718474,15604478.5,7508052000
2019/5/23,1190645,26432184.2,7702705200
2019/5/22,516704,11741469.68,7879978650
2019/5/21,987658,22468586.86,7876502700
2019/5/20,1263771,28519802.07,7824363450
2019/5/17,1415673,32482049.77,7890406500
2019/5/16,2394167,55157159.04,8043348300
2019/5/15,3193334,72676404.85,7949497650
2019/5/14,890241,19058681.91,7442008950
2019/5/13,1269677,27321170.19,7476768450
2019/5/10,2107068,45390319.92,7473292500
2019/5/9,1044755,21848356.2,7254307650
2019/5/8,958491,20249615.8,7330778550
2019/5/7,1501498,31547693.88,7355110200
2019/5/6,2178550,45447429.51,7167408900
2019/4/30,1455912,31095503.82,7431581100
2019/4/29,1756250,36666718,7243879800
2019/4/26,2448195,50977374.23,7226500050
2019/4/25,4117472,86825601.24,7316874750
2019/4/24,3916416,81611800.27,7229976000
2019/4/23,4358556,90594658.25,7459388700
2019/4/22,1137350,25181586.18,7667945700
2019/4/19,1508556,33843450.91,7782652050
2019/4/18,1552080,35515561.99,7893882450
2019/4/17,2513867,58325343.26,7921690050
2019/4/16,2070111,46327325.9,7775700150
2019/4/15,3590134,81095947.4,7779176100
2019/4/12,3055675,71914108.12,8001636900
2019/4/11,2273838,54390357.6,8380515450
2019/4/10,3097911,74234658.69,8317948350
2019/4/9,2120122,50875955.88,8342280000
2019/4/8,2538549,60947164.21,8387467350
2019/4/4,2325773,56534259.08,8422226850
2019/4/3,1871685,45469040.43,8519553450
2019/4/2,3194552,78168267.02,8540409150
2019/4/1,4050274,97213372.1,8415274950
2019/3/29,3530754,83669180.63,8324900250
2019/3/28,2300950,53985597.5,8168482500
2019/3/27,2360273,55163941.05,8210193900
2019/3/26,1869550,43656308.44,8092011600
2019/3/25,2378205,55817046.57,8144150850
2019/3/22,5128918,122555615.5,8307520500
2019/3/21,3720200,87388949.93,8189338200
2019/3/20,2969551,69407808.6,8196290100
2019/3/19,6653128,158483070,8238001500
2019/3/18,10726500,256632783.3,8689875000
2019/3/15,2762476,62883467.49,7925166000
2019/3/14,2997312,67981292.74,7925166000
2019/3/13,3968417,90055348.32,7883454600
2019/3/12,4611525,104734308.3,7827839400
2019/3/11,4659791,104155400.6,7994685000
2019/3/8,3428329,77458162.25,7647090000
2019/3/7,5305620,117455562,7959925500
2019/3/6,2904030,64485474.53,7706181150
2019/3/5,2947254,65828525.06,7744416600
2019/3/4,1910416,42409199.49,7699229250
2019/3/1,2224401,49658375.88,7678373550
2019/2/28,3723959,83826300.94,7831315350
2019/2/27,3422977,74840032.02,7973829300
2019/2/26,5296071,120422529.1,7758320400
2019/2/25,3227165,74651731.17,8112867300
2019/2/22,8511959,193844719.1,8147626800
2019/2/21,1762255,37159429.88,7407249450
2019/2/20,1216819,25573532.21,7285591200
2019/2/19,1090200,23171654,7330778550
2019/2/18,963301,20643613.97,7459388700
2019/2/15,983050,21101669,7459388700
2019/2/14,736501,15670932.75,7431581100
2019/2/13,890585,19014193.96,7428105150
2019/2/12,1585086,33616292.08,7424629200
2019/2/11,2266659,47722400.54,7414201350
2019/2/1,1372105,28666054.01,7369014000
2019/1/31,2274700,48559813.6,7250831700
2019/1/30,1493918,32047740.43,7473292500
2019/1/29,2791371,60140135.93,7532383650
2019/1/28,4191686,88290504.16,7605378600
2019/1/25,472231,9441204.8,6965803800
2019/1/24,459400,9201272.86,6969279750
2019/1/23,443959,8880697.82,6951900000
2019/1/22,1017975,20503110.77,7004039250
2019/1/21,1619375,32719315.5,7021419000
2019/1/18,1495493,30695726.6,7129173450
2019/1/17,944915,19346844.3,7090938000
2019/1/16,930762,19039960.5,7083986100
2019/1/15,1908815,39308532.86,7136125350
2019/1/14,1502865,31100585.51,7202168400
2019/1/11,4695494,96987044.28,7236927900
2019/1/10,3752200,75296670.75,7191740550
2019/1/9,1651000,31665063.51,6705107550
2019/1/8,3178960,60910534.26,6760722750
2019/1/7,2305491,43561562.63,6652968300
2019/1/4,2975104,54340965.43,6454839150
2019/1/3,399520,6897597.3,5982109950
2019/1/2,638505,10998531,6037725150
2018/12/28,562397,9475788.37,5888259300
2018/12/27,981849,16832105.55,5856975750
2018/12/26,402875,6880587.93,5975158050
2018/12/25,777600,13235971.5,5971682100
2018/12/24,828868,14305841.14,6013393500
2018/12/21,380820,6716182.56,6069008700
2018/12/20,553450,9924907,6169811250
2018/12/19,538964,9648459.32,6194142900
2018/12/18,517500,9421448.5,6277565700
2018/12/17,624950,11319131.5,6208046700
2018/12/14,551450,10205467.5,6413127750
2018/12/13,653000,12101295.69,6413127750
2018/12/12,373650,6926998,6447887250
2018/12/11,612850,11391004,6479170800
2018/12/10,448300,8397173.5,6486122700
2018/12/7,681925,12688318.75,6517406250
2018/12/6,1164100,21702087.5,6468742950
2018/12/5,708779,13254999.28,6489598650
2018/12/4,1244459,23580281.42,6586925250
2018/12/3,4239049,81015402.31,6666872100
2018/11/30,1547930,27872034.08,6301897350
2018/11/29,2290435,40872670.35,6305373300
2018/11/28,823508,14127648.12,5870879550
2018/11/27,934867,16335422.9,6048153000
2018/11/26,1504500,26428299.7,6082912500
2018/11/23,1776849,30895141.94,6183715050
2018/11/22,1487078,25474209.82,6187191000
2018/11/21,1127118,18687910.62,5721413700
2018/11/20,1352804,22995191.74,5832644100
2018/11/19,1853598,30643649.54,5822216250
2018/11/16,3826578,61553089.19,5530236450
2018/11/15,751600,12941410.5,6055104900
2018/11/14,565900,9909026,6009917550
2018/11/13,531437,9316556.87,6093340350
2018/11/12,718750,12625701.67,6128099850
2018/11/9,1567250,27761881,6128099850
2018/11/8,806748,13757094.42,5909115000
2018/11/7,453551,7678403.24,5780504850
2018/11/6,802207,13548307.9,5978634000
2018/11/5,838162,14466622.02,5985585900
2018/11/2,1081791,18660367.77,6034249200
2018/11/1,1144013,19049941.98,5961254250
2018/10/31,602560,9516005.7,5537188350
2018/10/30,388400,6020791,5419006050
2018/10/29,548275,8522130.75,5321679450
2018/10/26,513818,7739575,5266064250
2018/10/25,635343,9282757.74,5172213600
2018/10/24,526930,7629765.8,5067935100
2018/10/23,704251,10168582.53,4991464200
2018/10/22,652668,9656902.01,5144406000
2018/10/19,413451,5860395.83,4998416100
2018/10/18,571609,8006704,4911517350
2018/10/17,432300,6005523.13,4911517350
2018/10/16,533865,7327085.22,4716864150
2018/10/15,532886,7207924.48,4692532500
2018/10/12,848483,11044750.66,4567398300
2018/10/11,1387922,19170335.48,4692532500
2018/10/10,222450,3297578.5,5203497150
2018/10/9,299250,4418340,5147881950
2018/10/8,785551,11660473.84,5113122450
2018/9/28,1185850,18583777,5373818700
2018/9/27,555701,8993766.7,5564995950
2018/9/26,853253,14098277.04,5735317500
2018/9/25,814866,13650069.75,5843071950
2018/9/21,516964,8386287.77,5658846600
2018/9/20,426457,6980323.3,5627563050
2018/9/19,781493,12718299.16,5704033950
2018/9/18,1080473,17678065.21,5665798500
2018/9/17,251250,4242586.5,5853499800
2018/9/14,424237,7193680.34,5884783350
2018/9/13,418350,7149706.5,5964730200
2018/9/12,219550,3764692,5989061850
2018/9/11,675129,11710574.24,5961254250
2018/9/10,669303,11452083.39,5815125000
2018/9/7,634311,10811196.91,5683500000
2018/9/6,671151,11510578.4,5784750000
2018/9/5,553350,9692378,5865750000
2018/9/4,789046,14023730.4,6007500000
2018/9/3,1046121,18829950.07,6085125000
2018/8/31,846361,15034203.75,6000750000
2018/8/30,1036160,18345974.5,5973750000
2018/8/29,778503,13700020.69,5855625000
2018/8/28,1219639,21388030.1,6031125000
2018/8/27,641101,10985403.84,5801625000
2018/8/24,449900,7650670.16,5771250000
2018/8/23,515250,8831877,5788125000
2018/8/22,364900,6240371,5784750000
2018/8/21,562150,9778713.5,5865750000
2018/8/20,861318,14914644.38,5899500000
2018/8/17,318873,5344033.41,5673375000
2018/8/16,645068,10690336.04,5619375000
2018/8/15,735800,12454925.45,5676750000
2018/8/14,675678,11630405.2,5835375000
2018/8/13,643880,10878454.8,5764500000
2018/8/10,551750,9536245.5,5842125000
2018/8/9,858885,14757755.14,5815125000
2018/8/8,596902,10241768.9,5751000000
2018/8/7,684400,11911118,5896125000
2018/8/6,782575,13432088.5,5828625000
2018/8/3,1462567,25198298.86,5771250000
2018/8/2,1995074,34858939,5929875000
2018/8/1,1698892,31789481.58,6162750000
2018/7/31,1302378,23890237.74,6230250000
2018/7/30,1134600,20599494.5,6112125000
2018/7/27,1745172,32236116.08,6189750000
2018/7/26,3845399,72369183.55,6375375000
2018/7/25,1655014,30235313.04,6139125000
2018/7/24,2914397,53395003.2,6172875000
2018/7/23,3366888,61733762.93,6169500000
2018/7/20,5200499,99115492.62,6348375000
2018/7/19,7800619,154018944.7,6682500000
2018/7/18,4876415,90980053.53,6355125000
2018/7/17,853141,14381272.75,5778000000
2018/7/16,1747260,30019377.15,5734125000
2018/7/13,1411018,24926198.68,5889375000
2018/7/12,2674501,47873502.08,5960250000
2018/7/11,2718465,49170677.55,6071625000
2018/7/10,4196138,75798138.24,6449625000
2018/7/9,4004621,66955480.13,5869125000
2018/7/6,325700,5712778,5919750000
2018/7/5,0,0,6577875000
2018/7/4,0,0,6577875000
2018/7/3,0,0,6577875000
2018/7/2,0,0,6577875000
2018/6/29,0,0,6577875000
2018/6/28,0,0,6577875000
2018/6/27,0,0,6577875000
2018/6/26,0,0,6577875000
2018/6/25,0,0,6577875000
2018/6/22,0,0,6577875000
2018/6/21,0,0,6577875000
2018/6/20,0,0,6577875000
2018/6/19,0,0,6577875000
2018/6/15,0,0,6577875000
2018/6/14,0,0,6577875000
2018/6/13,0,0,6577875000
2018/6/12,0,0,6577875000
2018/6/11,0,0,6577875000
2018/6/8,0,0,6577875000
2018/6/7,0,0,6577875000
2018/6/6,2042738,39425919.92,6577875000
2018/6/5,3462946,66289711.77,6523875000
2018/6/4,2465335,45851107.57,6233625000
2018/6/1,4663181,88285431.07,6453000000
2018/5/31,6280522,112675339.4,6223500000
2018/5/30,3037169,51175009.1,5686875000
2018/5/29,4096993,71297264.92,5740875000
2018/5/28,2573656,43154045.63,5649750000
2018/5/25,4219457,71514361.15,5619375000
2018/5/24,5941984,98303691.56,5676750000
2018/5/23,2677796,40257973.43,5160375000
2018/5/22,520876,7471687.32,4860000000
2018/5/21,480300,6870638.5,4822875000
2018/5/18,468150,6622848,4772250000
2018/5/17,454902,6461211.82,4809375000
2018/5/16,530650,7485689,4789125000
2018/5/15,599756,8500051.9,4792500000
2018/5/14,775850,11131583.5,4846500000
2018/5/11,1236880,17899827.84,4897125000
2018/5/10,822553,11782155.04,4826250000
2018/5/9,742805,10675172.44,4843125000
2018/5/8,586736,8354739.28,4809375000
2018/5/7,1108873,15808609.26,4792500000
2018/5/4,443225,6242295.75,4745250000
2018/5/3,665976,9439819.08,4799250000
2018/5/2,626651,8811919.77,4745250000
2018/4/27,719911,10107185.44,4782375000
2018/4/26,1299601,18205154.31,4684500000
2018/4/25,1280267,18113877.05,4768875000
2018/4/24,2093817,29745497.39,4802625000
2018/4/23,1039092,13927776.46,4468500000
2018/4/20,618300,8750425.92,4687875000
2018/4/19,765600,10949609.5,4816125000
2018/4/18,1293253,18313851.66,4822875000
2018/4/17,697580,9916133.8,4799250000
2018/4/16,578159,8217545.12,4785750000
2018/4/13,692414,9845978.36,4816125000
2018/4/12,855011,12198984.13,4826250000
2018/4/11,845919,12021622.74,4802625000
2018/4/10,1207011,17188922.99,4802625000
2018/4/9,1934563,27855089.54,4856625000
2018/4/4,924484,12919525.9,4725000000
2018/4/3,1424553,19894770.86,4667625000
2018/4/2,1473648,20781561.01,4667625000
2018/3/30,1150499,16386979.9,4779000000
2018/3/29,1188049,16451126.47,4674375000
2018/3/28,2764887,39111614.81,4725000000
2018/3/27,1575690,21537789.8,4664250000
2018/3/26,1441810,17708000.96,4239000000
2018/3/23,1641300,21928943.72,4333500000
2018/3/22,595637,8464340.35,4816125000
2018/3/21,853260,12218163.15,4795875000
2018/3/20,640200,9186794.5,4873500000
2018/3/19,730950,10619211.52,4887000000
2018/3/16,866230,12666436.1,4890375000
2018/3/15,1060737,15301416.65,4883625000
2018/3/14,930402,13727194.82,4957875000
2018/3/13,1417942,21207236.97,5008500000
2018/3/12,2524527,37910998.29,5106375000
2018/3/9,1528166,22109098.13,4944375000
2018/3/8,1963523,28125098.25,4856625000
2018/3/7,2657150,38772609.5,4846500000
2018/3/6,3698450,55520636.5,5025375000
2018/3/5,3853777,59821815.88,5167125000
2018/3/2,0,0,5568750000
2018/3/1,0,0,5568750000
2018/2/28,0,0,5568750000
2018/2/27,0,0,5568750000
2018/2/26,0,0,5568750000
2018/2/23,0,0,5568750000
2018/2/22,0,0,5568750000
2018/2/14,0,0,5568750000
2018/2/13,0,0,5568750000
2018/2/12,0,0,5568750000
2018/2/9,0,0,5568750000
2018/2/8,0,0,5568750000
2018/2/7,0,0,5568750000
2018/2/6,0,0,5568750000
2018/2/5,0,0,5568750000
2018/2/2,0,0,5568750000
2018/2/1,0,0,5568750000
2018/1/31,0,0,5568750000
2018/1/30,0,0,5568750000
2018/1/29,0,0,5568750000
2018/1/26,0,0,5568750000
2018/1/25,0,0,5568750000
2018/1/24,0,0,5568750000
2018/1/23,0,0,5568750000
2018/1/22,0,0,5568750000
2018/1/19,0,0,5568750000
2018/1/18,0,0,5568750000
2018/1/17,0,0,5568750000
2018/1/16,0,0,5568750000
2018/1/15,0,0,5568750000
2018/1/12,0,0,5568750000
2018/1/11,0,0,5568750000
2018/1/10,0,0,5568750000
2018/1/9,0,0,5568750000
2018/1/8,0,0,5568750000
2018/1/5,0,0,5568750000
2018/1/4,6265450,103858646.3,5568750000
2018/1/3,1237600,19729602.06,5393250000
2018/1/2,1219507,19360634.04,5359500000
2017/12/29,2159503,34002851.57,5258250000
2017/12/28,976000,15457872.5,5342625000
2017/12/27,1234105,19422508.15,5319000000
2017/12/26,2153550,34409093.68,5373000000
2017/12/25,2350250,37363532.5,5413500000
2017/12/22,2527017,40236856.74,5319000000
2017/12/21,1727466,27017973.9,5261625000
2017/12/20,4374002,68580368.62,5373000000
2017/12/19,2082292,30802727.37,5035500000
2017/12/18,566614,8221119.11,4907250000
2017/12/15,616550,8928257.47,4897125000
2017/12/14,983250,14220939.5,4873500000
2017/12/13,1742253,25547749.41,4897125000
2017/12/12,2799373,41052615.74,4951125000
2017/12/11,2374703,34974369.68,5025375000
2017/12/8,1647450,24399922,4995000000
2017/12/7,1554050,22750446,5032125000
2017/12/6,2044300,29987867.5,4957875000
2017/12/5,2185450,32811968.5,5055750000
2017/12/4,2958402,44821572.16,5173875000
2017/12/1,3084947,47019392.27,5177250000
2017/11/30,2542539,39611567.21,5207625000
2017/11/29,4611206,71968559.49,5281875000
2017/11/28,2429250,37797457.28,5271750000
2017/11/27,2309658,36417577.72,5332500000
2017/11/24,2069090,32360957.11,5332500000
2017/11/23,3089885,48879336.58,5315625000
2017/11/22,3605514,56870701.67,5400000000
2017/11/21,4104031,65120598.42,5342625000
2017/11/20,5101170,78487964,5389875000
2017/11/17,4897330,75722604.82,5140125000
2017/11/16,5825264,92486162.48,5302125000
2017/11/15,11789671,189176916.8,5467500000
2017/11/14,6406010,94461004.83,5200875000
2017/11/13,3736717,52632021.06,4728375000
2017/11/10,4243766,61983761.63,4863375000
2017/11/9,5262726,79151584.73,5045625000
2017/11/8,6697657,103700887.5,5170500000
2017/11/7,7781418,118951513.6,5261625000
2017/11/6,9322286,148991386.5,5359500000
2017/11/3,15400277,249512751.2,5275125000
2017/11/2,21525742,388277586.6,5862375000
2017/11/1,5619130,88916221.56,5639625000
2017/10/31,0,0,5126625000
2017/10/30,0,0,5126625000
2017/10/27,0,0,5126625000
2017/10/26,0,0,5126625000
2017/10/25,0,0,5126625000
2017/10/24,0,0,5126625000
2017/10/23,0,0,5126625000
2017/10/20,0,0,5126625000
2017/10/19,0,0,5126625000
2017/10/18,0,0,5126625000
2017/10/17,0,0,5126625000
2017/10/16,0,0,5126625000
2017/10/13,0,0,5126625000
2017/10/12,0,0,5126625000
2017/10/11,0,0,5126625000
2017/10/10,0,0,5126625000
2017/10/9,0,0,5126625000
2017/9/29,0,0,5126625000
2017/9/28,0,0,5126625000
2017/9/27,0,0,5126625000
2017/9/26,0,0,5126625000
2017/9/25,0,0,5126625000
2017/9/22,0,0,5126625000
2017/9/21,0,0,5126625000
2017/9/20,0,0,5126625000
2017/9/19,0,0,5126625000
2017/9/18,0,0,5126625000
2017/9/15,0,0,5126625000
2017/9/14,0,0,5126625000
2017/9/13,0,0,5126625000
2017/9/12,0,0,5126625000
2017/9/11,0,0,5126625000
2017/9/8,0,0,5126625000
2017/9/7,0,0,5126625000
2017/9/6,0,0,5126625000
2017/9/5,0,0,5126625000
2017/9/4,0,0,5126625000
2017/9/1,0,0,5126625000
2017/8/31,0,0,5126625000
2017/8/30,0,0,5126625000
2017/8/29,0,0,5126625000
2017/8/28,0,0,5126625000
2017/8/25,0,0,5126625000
2017/8/24,0,0,5126625000
2017/8/23,0,0,5126625000
2017/8/22,0,0,5126625000
2017/8/21,0,0,5126625000
2017/8/18,0,0,5126625000
2017/8/17,0,0,5126625000
2017/8/16,0,0,5126625000
2017/8/15,0,0,5126625000
2017/8/14,0,0,5126625000
2017/8/11,0,0,5126625000
2017/8/10,0,0,5126625000
2017/8/9,0,0,5126625000
2017/8/8,0,0,5126625000
2017/8/7,0,0,5126625000
2017/8/4,0,0,5126625000
2017/8/3,0,0,5126625000
2017/8/2,0,0,5126625000
2017/8/1,0,0,5126625000
2017/7/31,0,0,5126625000
2017/7/28,0,0,5126625000
2017/7/27,0,0,5126625000
2017/7/26,0,0,5126625000
2017/7/25,0,0,5126625000
2017/7/24,0,0,5126625000
2017/7/21,0,0,5126625000
2017/7/20,0,0,5126625000
2017/7/19,0,0,5126625000
2017/7/18,0,0,5126625000
2017/7/17,0,0,5126625000
2017/7/14,0,0,5126625000
2017/7/13,0,0,5126625000
2017/7/12,0,0,5126625000
2017/7/11,0,0,5126625000
2017/7/10,0,0,5126625000
2017/7/7,0,0,5126625000
2017/7/6,0,0,5126625000
2017/7/5,0,0,5126625000
2017/7/4,0,0,5126625000
2017/7/3,0,0,5126625000
2017/6/30,0,0,5126625000
2017/6/29,0,0,5126625000
2017/6/28,0,0,5126625000
2017/6/27,0,0,5126625000
2017/6/26,0,0,5126625000
2017/6/23,0,0,5126625000
2017/6/22,0,0,5126625000
2017/6/21,0,0,5126625000
2017/6/20,0,0,5126625000
2017/6/19,0,0,5126625000
2017/6/16,0,0,5126625000
2017/6/15,0,0,5126625000
2017/6/14,0,0,5126625000
2017/6/13,0,0,5126625000
2017/6/12,0,0,5125500000
2017/6/9,0,0,5125500000
2017/6/8,0,0,5125500000
2017/6/7,0,0,5125500000
2017/6/6,0,0,5125500000
2017/6/5,0,0,5125500000
2017/6/2,0,0,5125500000
2017/6/1,0,0,5125500000
2017/5/31,0,0,5125500000
2017/5/26,0,0,5125500000
2017/5/25,0,0,5125500000
2017/5/24,0,0,5125500000
2017/5/23,0,0,5125500000
2017/5/22,0,0,5125500000
2017/5/19,0,0,5125500000
2017/5/18,0,0,5125500000
2017/5/17,0,0,5125500000
2017/5/16,0,0,5125500000
2017/5/15,0,0,5125500000
2017/5/12,0,0,5125500000
2017/5/11,0,0,5125500000
2017/5/10,0,0,5125500000
2017/5/9,0,0,5125500000
2017/5/8,1172704,27020202.82,5125500000
2017/5/5,2052423,47655111.12,5350500000
2017/5/4,604481,13180361.95,4918500000
2017/5/3,1136799,24776208.21,4884750000
2017/5/2,554169,11734384.12,4792500000
2017/4/28,641600,13428934.51,4747500000
2017/4/27,516725,10703429.92,4684500000
2017/4/26,619131,13059680.66,4738500000
2017/4/25,472976,9944659.64,4743000000
2017/4/24,1007935,20812008.91,4758750000
2017/4/21,503602,10622611.05,4729500000
2017/4/20,1547285,33104355.66,4725000000
2017/4/19,1146774,25507294.56,4956750000
2017/4/18,973872,22970050.63,5256000000
2017/4/17,1463379,34638789.08,5262750000
2017/4/14,942513,21407033.64,5080500000
2017/4/13,831604,19237955.83,5208750000
2017/4/12,1490285,35443138.2,5307750000
2017/4/11,873146,21647718.89,5598000000
2017/4/10,576746,14751790.13,5735250000
2017/4/7,493053,12526730.64,5721750000
2017/4/6,692486,17829389.88,5796000000
2017/4/5,737671,18672533.43,5683500000
2017/3/31,775811,19430937.23,5575500000
2017/3/30,1931014,49113282.46,5562000000
2017/3/29,671979,18013957.78,6041250000
2017/3/28,637128,17150797.38,6036750000
2017/3/27,590146,15974100.76,6086250000
2017/3/24,912000,24822774.84,6142500000
2017/3/23,1718988,47127881.5,6205500000
2017/3/22,677264,18264715.17,6079500000
2017/3/21,628855,16998526.92,6084000000
2017/3/20,779360,21192614.56,6131250000
2017/3/17,735418,19959413.74,6075000000
2017/3/16,699154,19018343.72,6131250000
2017/3/15,733761,19832960.36,6131250000
2017/3/14,600172,16296045.56,6135750000
2017/3/13,1057149,28512335.64,6090750000
2017/3/10,626649,17096767.84,6135750000
2017/3/9,597746,16349840.96,6142500000
2017/3/8,800546,22010716.54,6189750000
2017/3/7,731489,19964628.5,6171750000
2017/3/6,987560,27157123.62,6162750000
2017/3/3,1340884,36680800.68,6273000000
2017/3/2,1181975,32145910.47,6117750000
2017/3/1,2177954,61057195.7,6230250000
2017/2/28,1687103,46409923.28,6277500000
2017/2/27,949413,25486758.57,6021000000
2017/2/24,973945,26578967.73,6113250000
2017/2/23,1482690,40411946.56,6108750000
2017/2/22,1000713,27867220.9,6252750000
2017/2/21,1382411,38882160.14,6342750000
2017/2/20,3127162,89592216.48,6464250000
2017/2/17,2660072,75114418.61,6338250000
2017/2/16,819428,22175065.28,6072750000
2017/2/15,1007540,27329491.9,6102000000
2017/2/14,663979,18042212.41,6097500000
2017/2/13,924175,25038297.54,6088500000
2017/2/10,1448000,39427503,6093000000
2017/2/9,1010462,27642669.64,6156000000
2017/2/8,1178907,32103676.21,6140250000
2017/2/7,1027962,28358884.19,6185250000
2017/2/6,1117600,30778259.64,6230250000
2017/2/3,683975,18560224.5,6108750000
2017/1/26,498254,13523737.9,6086250000
2017/1/25,1790226,48149184.48,6086250000
2017/1/24,2160149,59590383.75,6007500000
2017/1/23,1180951,32616069.64,6230250000
2017/1/20,794720,21892611,6165000000
2017/1/19,918600,25097320.2,6165000000
2017/1/18,2409914,65492257.52,6207750000
2017/1/17,3157715,83956040.6,6081750000
2017/1/16,5043786,147300374,6228000000
2017/1/13,3956028,121678076.5,6918750000
2017/1/12,2383452,71063537.99,6763500000
2017/1/11,4072084,123468404,6862500000
2017/1/10,1892229,55213534.1,6574500000
2017/1/9,2372012,68312463.07,6543000000
2017/1/6,1054588,29704466.68,6338250000
2017/1/5,1673000,47613624.18,6372000000
2017/1/4,2261950,64337813.01,6450750000
2017/1/3,1303785,36402470.74,6279750000
2016/12/30,1571737,44145831.5,6288750000
2016/12/29,2119610,59442938.9,6383250000
2016/12/28,2587402,74194167.25,6444000000
2016/12/27,1849842,52413853.22,6306750000
2016/12/26,2510386,68977435.32,6304500000
2016/12/23,3208055,91151071.74,6297750000
2016/12/22,2499576,73358687.32,6525000000
2016/12/21,3546694,104275998.4,6574500000
2016/12/20,3401519,102408958.1,6768000000
2016/12/19,6607331,201897397.8,6795000000
2016/12/16,8743384,280964412.8,7155000000
2016/12/15,5307575,158860457.5,6925500000
2016/12/14,4276277,126594083.5,6504750000
2016/12/13,4856444,142599661.8,6779250000
2016/12/12,6420399,194921225.6,6419250000
2016/12/9,6665615,213144234.7,7132500000
2016/12/8,10919635,356624786.7,7193250000
2016/12/7,10024025,311697710.9,7310250000
2016/12/6,11063711,332666593.9,6774750000
2016/12/5,9890723,280261601.8,6473250000
2016/12/2,14316275,456302878.7,6682500000
2016/12/1,15417236,495050311.4,7425000000
2016/11/30,7511704,248631722.6,7456500000
2016/11/29,1003962,30249375.06,6779250000
2016/11/28,164200,4497438,6162750000
2016/11/25,0,0,5602500000
2016/11/24,0,0,5602500000
2016/11/23,0,0,5602500000
2016/11/22,0,0,5602500000
2016/11/21,0,0,5602500000
2016/11/18,0,0,5602500000
2016/11/17,0,0,5602500000
2016/11/16,0,0,5602500000
2016/11/15,0,0,5602500000
2016/11/14,0,0,5602500000
2016/11/11,2477417,61964537.05,5602500000
2016/11/10,3340067,83342150.05,5737500000
2016/11/9,3943921,96809604.75,5589000000
2016/11/8,4212386,105773411.5,5658750000
2016/11/7,6087431,148492115.8,5625000000
2016/11/4,2943039,68583198.5,5256000000
2016/11/3,4495475,103489524.7,5166000000
2016/11/2,4232325,95837239.7,5094000000
2016/11/1,6341472,142553137.5,5116500000
2016/10/31,3499727,74616294.72,4965750000
2016/10/28,2940000,62973607.98,4797000000
2016/10/27,3105544,67438676.06,4884750000
2016/10/26,3850508,84668738.11,4952250000
2016/10/25,4595514,98547869.69,4880250000
2016/10/24,1557774,32649564.38,4702500000
2016/10/21,1098401,23007204.4,4700250000
2016/10/20,1542913,32388618.07,4709250000
2016/10/19,2059700,43288819.5,4738500000
2016/10/18,1924989,40412990.9,4761000000
2016/10/17,2768250,58787934.34,4691250000
2016/10/14,5232684,113388818.9,4878000000
2016/10/13,5808333,122689147.1,4929750000
2016/10/12,2369762,49465976.59,4689000000
2016/10/11,4773729,100649059,4788000000
2016/10/10,3771729,77642013.35,4711500000
2016/9/30,0,0,4900500000
2016/9/29,0,0,4900500000
2016/9/28,0,0,4900500000
2016/9/27,0,0,4900500000
2016/9/26,0,0,4900500000
2016/9/23,0,0,4900500000
2016/9/22,0,0,4900500000
2016/9/21,0,0,4900500000
2016/9/20,0,0,4900500000
2016/9/19,0,0,4900500000
2016/9/14,0,0,4900500000
2016/9/13,0,0,4900500000
2016/9/12,0,0,4900500000
2016/9/9,0,0,4900500000
2016/9/8,0,0,4900500000
2016/9/7,0,0,4900500000
2016/9/6,0,0,4900500000
2016/9/5,0,0,4900500000
2016/9/2,0,0,4900500000
2016/9/1,0,0,4900500000
2016/8/31,0,0,4900500000
2016/8/30,0,0,4900500000
2016/8/29,0,0,4900500000
2016/8/26,0,0,4900500000
2016/8/25,0,0,4900500000
2016/8/24,0,0,4900500000
2016/8/23,0,0,4900500000
2016/8/22,0,0,4900500000
2016/8/19,0,0,4900500000
2016/8/18,0,0,4900500000
2016/8/17,0,0,4900500000
2016/8/16,0,0,4900500000
2016/8/15,0,0,4900500000
2016/8/12,2264965,49611175.57,4900500000
2016/8/11,1319454,28312186.25,4860000000
2016/8/10,1129177,24139797.23,4837500000
2016/8/9,1112688,23898940.11,4824000000
2016/8/8,1238088,26381529.12,4806000000
2016/8/5,1233195,26797824.31,4860000000
2016/8/4,2038077,44168838.12,4902750000
2016/8/3,2829198,63228846.29,4974750000
2016/8/2,3214740,72580944.89,5078250000
2016/8/1,2894490,63821859.63,4875750000
2016/7/29,4833736,108825076.9,5103000000
2016/7/28,4014343,87819099.36,4983750000
2016/7/27,3184929,67261138.52,4855500000
2016/7/26,927953,19665885.32,4797000000
2016/7/25,856708,17957364.64,4691250000
2016/7/22,1286751,27502266.39,4743000000
2016/7/21,1220600,26374815,4830750000
2016/7/20,2291700,49806664.33,4844250000
2016/7/19,2481343,52800616.66,4893750000
2016/7/18,2201365,45505568.17,4655250000
2016/7/15,1158189,24761606.82,4776750000
2016/7/14,1292099,27915671.37,4853250000
2016/7/13,1598804,34674500.87,4869000000
2016/7/12,2661123,56773759.42,4905000000
2016/7/11,2066234,44626249.2,4801500000
2016/7/8,2195026,47748257.05,4880250000
2016/7/7,2733840,59671151.4,4880250000
2016/7/6,5032334,109207985.5,4992750000
2016/7/5,4895651,106280295.3,4893750000
2016/7/4,8959860,191273625,4990500000
2016/7/1,0,0,4950000000
2016/6/30,0,0,4950000000
2016/6/29,0,0,4950000000
2016/6/28,0,0,4950000000
2016/6/27,0,0,4950000000
2016/6/24,0,0,4950000000
2016/6/23,0,0,4950000000
2016/6/22,0,0,4950000000
2016/6/21,0,0,4950000000
2016/6/20,0,0,4950000000
2016/6/17,6394939,140328842.3,4950000000
2016/6/16,4642688,97396730.91,4684500000
2016/6/15,7509813,154489594.3,4657500000
2016/6/14,2097021,39657979.59,4342500000
2016/6/13,2855711,55545260.92,4263750000
2016/6/8,3680988,73314381.33,4520250000
2016/6/7,3344282,65436840.03,4475250000
2016/6/6,5096091,100786756.4,4457250000
2016/6/3,3335750,64241868.41,4349250000
2016/6/2,2993618,57615848.09,4347000000
2016/6/1,3926681,75518995.41,4344750000
2016/5/31,4085524,77979535.11,4358250000
2016/5/30,2965380,55587174.88,4189500000
2016/5/27,5042561,97343073.04,4311000000
2016/5/26,10444637,201985141.8,4430250000
2016/5/25,5314975,100394417,4275000000
2016/5/24,1097734,20056081.47,4113000000
2016/5/23,987943,18027754.8,4099500000
2016/5/20,852620,15338474.08,4070250000
2016/5/19,822430,14957992.35,4047750000
2016/5/18,1555706,28131946.42,3989250000
2016/5/17,1206176,22348648.28,4189500000
2016/5/16,1197873,22167959.39,4194000000
2016/5/13,1173222,21896465.16,4149000000
2016/5/12,2300699,42843190.01,4223250000
2016/5/11,2972762,55937023.58,4286250000
2016/5/10,1071833,19329329.66,4027500000
2016/5/9,1864333,34126362.49,4074750000
2016/5/6,3911216,75410476.14,4293000000
2016/5/5,2455609,47079570.47,4326750000
2016/5/4,2971016,57759779.63,4347000000
2016/5/3,3306219,62896123.81,4356000000
2016/4/29,1378005,25513312.44,4173750000
2016/4/28,1165902,21224383.05,4135500000
2016/4/27,1300879,24088268.66,4144500000
2016/4/26,1424952,25970002.15,4142250000
2016/4/25,1563795,28093442.86,4083750000
2016/4/22,2280495,40989133.82,4092750000
2016/4/21,2882890,52925945.11,4072500000
2016/4/20,5405334,100600521.9,4104000000
2016/4/19,2434646,46152222.47,4299750000
2016/4/18,2358072,44356780.8,4232250000
2016/4/15,2376824,45696743.08,4335750000
2016/4/14,3736172,71797696.92,4365000000
2016/4/13,4765975,91088151.93,4275000000
2016/4/12,7954911,153177006.2,4275000000
2016/4/11,2447050,44977174.75,4151250000
2016/4/8,1615656,28974382.16,4027500000
2016/4/7,2139096,39546946.05,4095000000
2016/4/6,2426126,45189113.93,4203000000
2016/4/5,3624994,66653435.84,4187250000
2016/4/1,1397915,25005532.68,4027500000
2016/3/31,2221201,40487039.92,4070250000
2016/3/30,2033220,36300678.5,4072500000
2016/3/29,2197290,38759716.68,3906000000
2016/3/28,3713067,68355894.77,4063500000
2016/3/25,2312326,41632909.19,4106250000
2016/3/24,2517271,45034269.04,4027500000
2016/3/23,2284663,40998596.27,4063500000
2016/3/22,2793100,49913505.35,4014000000
2016/3/21,3577915,63416141.69,4009500000
2016/3/18,4790342,84152858.35,3962250000
2016/3/17,4880978,83389695.28,3944250000
2016/3/16,3140190,52120266.86,3717000000
2016/3/15,1518294,24657860.68,3663000000
2016/3/14,3158565,51864642.08,3654000000
2016/3/11,859241,13608935.81,3584250000
2016/3/10,1424301,22968552.74,3586500000
2016/3/9,1831483,29697166.52,3640500000
2016/3/8,2102972,33632499.93,3687750000
2016/3/7,1638781,26193955.83,3611250000
2016/3/4,1902073,30364000.47,3501000000
2016/3/3,2597660,43013002.49,3681000000
2016/3/2,2362692,38019718.73,3735000000
2016/3/1,1835668,28272098.75,3519000000
2016/2/29,2610169,39769935.72,3440250000
2016/2/26,2741528,45038680.74,3669750000
2016/2/25,3036081,51412283.74,3636000000
2016/2/24,3040212,54828950.46,4041000000
2016/2/23,6157965,115348091.9,4194000000
2016/2/22,3732222,65802695.12,4072500000
2016/2/19,1614315,27784294.59,3897000000
2016/2/18,2050161,35702050.42,3894750000
2016/2/17,1493029,25609386.58,3901500000
2016/2/16,1737210,29760391.06,3899250000
2016/2/15,1303323,21334853.53,3771000000
2016/2/5,1449149,24303750.53,3748500000
2016/2/4,2116904,35503204.72,3780000000
2016/2/3,1335138,21725398.87,3721500000
2016/2/2,2000598,32752837.91,3712500000
2016/2/1,955086,15222391.75,3600000000
2016/1/29,2072363,33495145.37,3640500000
2016/1/28,1448380,22986240.71,3577500000
2016/1/27,2056164,32278824.07,3667500000
2016/1/26,1330692,21801348.06,3577500000
2016/1/25,1268434,21779366.49,3881250000
2016/1/22,1707956,28053572.51,3840750000
2016/1/21,2393370,40285882.2,3667500000
2016/1/20,2434668,41804361.38,3865500000
2016/1/19,1807495,29825490.91,3793500000
2016/1/18,2081339,33476399.89,3638250000
2016/1/15,1879722,31679496.92,3597750000
2016/1/14,1405630,23827679.42,3996000000
2016/1/13,1752016,31315143.52,3847500000
2016/1/12,1191970,22268692.89,4155750000
2016/1/11,2179614,41832342.94,4317750000
2016/1/8,1881593,37896043.64,4601250000
2016/1/7,678400,13407810,4500000000
2016/1/6,1570389,32118503.28,4704750000
2016/1/5,1986507,40312408.62,4542750000
2016/1/4,1769125,39626363.19,4767750000
2015/12/31,1785367,42344597.34,5287500000
2015/12/30,1702727,39662225.09,5271750000
2015/12/29,3020602,68547170.29,5242500000
2015/12/28,2513097,59869891.96,5253750000
2015/12/25,1579467,37867509.77,5411250000
2015/12/24,2165277,51238990.47,5377500000
2015/12/23,1950281,46762146.03,5384250000
2015/12/22,2111153,50383542.77,5400000000
2015/12/21,2303363,55472987.99,5422500000
2015/12/18,3063088,74264426.98,5436000000
2015/12/17,5543475,133489385.1,5519250000
2015/12/16,2273470,53177876.47,5269500000
2015/12/15,1824759,42265140.93,5172750000
2015/12/14,1927086,43819854.96,5175000000
2015/12/11,1326377,29627105.18,5028750000
2015/12/10,1730174,39098977.94,5067000000
2015/12/9,1146143,25609754.92,5037750000
2015/12/8,1715410,38246504.54,5049000000
2015/12/7,1932199,44064502.58,5139000000
2015/12/4,1727544,38645215.7,5076000000
2015/12/3,1321933,29735140.04,5100750000
2015/12/2,1708089,37504001.97,5017500000
2015/12/1,2427838,53971447.2,4995000000
2015/11/30,2777575,59780574.82,4961250000
2015/11/27,3954754,88416281.18,4788000000
2015/11/26,2893243,67790076.75,5249250000
2015/11/25,5061131,118463182.7,5328000000
2015/11/24,3516273,81222730.4,5220000000
2015/11/23,4598518,106388902.2,5186250000
2015/11/20,3179725,73456883.72,5206500000
2015/11/19,2549056,58510013.1,5231250000
2015/11/18,5508965,128419970.6,5114250000
2015/11/17,7086466,176956463.2,5456250000
2015/11/16,8006408,202747640.7,5760000000
2015/11/13,4908855,122679457.1,5647500000
2015/11/12,3487273,87673098.5,5634000000
2015/11/11,6188226,156241587.8,5697000000
2015/11/10,7120406,178699254.5,5685750000
2015/11/9,3399754,83776222.61,5625000000
2015/11/6,3169858,78760740.18,5582250000
2015/11/5,3323558,82960908.57,5564250000
2015/11/4,4340370,109538022.8,5730750000
2015/11/3,4585442,113540759.1,5625000000
2015/11/2,1678206,40077336.82,5411250000
2015/10/30,2312541,54971310.69,5312250000
2015/10/29,1890892,44665694.45,5350500000
2015/10/28,2090118,49386070.76,5269500000
2015/10/27,2866721,68638572.18,5445000000
2015/10/26,3018157,73623138.72,5422500000
2015/10/23,3335165,80999017.06,5503500000
2015/10/22,3525142,82823370.82,5436000000
2015/10/21,5025595,119926274.2,5105250000
2015/10/20,4891412,120840036.3,5670000000
2015/10/19,3087696,72594834.79,5355000000
2015/10/16,2321156,53850820.28,5242500000
2015/10/15,2740820,62423085.42,5186250000
2015/10/14,2645983,59744759.63,5024250000
2015/10/13,2230046,51907623.76,5206500000
2015/10/12,3102332,71061865.31,5186250000
2015/10/9,2931633,64886975.11,5001750000
2015/10/8,2224632,48071961.84,4882500000
2015/9/30,1093580,22419452.91,4619250000
2015/9/29,1584087,32613427.86,4617000000
2015/9/28,1272972,25824251.2,4612500000
2015/9/25,2834698,57397926.04,4533750000
2015/9/24,4216592,85465873.14,4619250000
2015/9/23,1680049,33094357.35,4430250000
2015/9/22,2134263,42312202.68,4439250000
2015/9/21,1932950,38418658.57,4475250000
2015/9/18,1886864,36660458.07,4394250000
2015/9/17,4027232,79475199.69,4367250000
2015/9/16,4970999,96502655.95,4563000000
2015/9/15,3845721,71554168.69,4180500000
2015/9/14,3813954,68347567.94,4113000000
2015/9/11,2885416,53106793.41,4115250000
2015/9/10,3244863,59081461.6,4137750000
2015/9/9,5485884,98890103.78,4065750000
2015/9/8,3374431,58883714.37,4052250000
2015/9/7,8935988,149207754.1,3899250000
2015/9/2,4616682,77285125.1,3863250000
2015/9/1,8673985,153020441.7,3942000000
2015/8/31,10673448,211924139,4380750000
2015/8/28,11390448,243218325.2,4866750000
2015/8/27,0,0,5204250000
2015/8/26,0,0,5204250000
2015/8/25,0,0,5204250000
2015/8/24,0,0,5204250000
2015/8/21,9798309,222796171.7,5204250000
2015/8/20,10608937,232367571.8,4992750000
2015/8/19,5399740,106849319.5,4722750000
2015/8/18,8889137,188803063.2,4556250000
2015/8/17,2812885,57263403.93,4664250000
2015/8/14,2639738,54573956.05,4572000000
2015/8/13,2570997,51649659.13,4605750000
2015/8/12,3215035,65170843.18,4493250000
2015/8/11,4597791,96271567.53,4632750000
2015/8/10,5306579,109227929.2,4704750000
2015/8/7,3192561,63318260.46,4506750000
2015/8/6,2424016,47412648.46,4367250000
2015/8/5,4061573,80377422.34,4358250000
2015/8/4,4826808,94665051.9,4522500000
2015/8/3,3349179,63772791.37,4315500000
2015/7/31,3958415,75413852.88,4275000000
2015/7/30,8834645,184516388,4376250000
2015/7/29,9558880,188357559.6,4632750000
2015/7/28,5252213,89442766.25,4212000000
2015/7/27,4820850,88781753.42,3894750000
2015/7/24,4956872,99888532.47,4326750000
2015/7/23,4130464,82756540.21,4565250000
2015/7/22,5306643,104247747.1,4437000000
2015/7/21,9312673,189146917.9,4504500000
2015/7/20,10598960,204749184.8,4657500000
2015/7/17,7739596,142430210.3,4234500000
2015/7/16,6406218,110530495.9,4000500000
2015/7/15,5631345,94657706.69,3665250000
2015/7/14,6729073,121048257.1,4056750000
2015/7/13,6121821,104644545.7,3892500000
2015/7/10,1934392,30076092.76,3539250000
2015/7/9,4584333,62965290.66,3217500000
2015/7/8,12065791,144314839.7,2925000000
2015/7/7,6277193,78081694.29,2763000000
2015/7/6,4940252,71106746.51,3069000000
2015/7/3,4285969,63266317.38,3206250000
2015/7/2,3420703,57090962.22,3561750000
2015/7/1,3663394,69747436.91,3957750000
2015/6/30,4714253,85183536.09,4340250000
2015/6/29,4117670,79272532.98,4158000000
2015/6/26,3931204,82039838.61,4619250000
2015/6/25,2266663,53563197.15,5132250000
2015/6/24,2392102,57853534.48,5483250000
2015/6/23,2524204,58653554.86,5316750000
2015/6/19,3497287,86619030.92,5352750000
2015/6/18,2464667,65855831.39,5805000000
2015/6/17,3425624,89110126.99,6030000000
2015/6/16,3498497,93690407.2,5897250000
2015/6/15,4250222,121986272.1,6336000000
2015/6/12,5950272,174744447.1,6651000000
2015/6/11,5077722,143183563.9,6477750000
2015/6/10,3403987,92993256.16,6273000000
2015/6/9,3297613,88876344.82,6009750000
2015/6/8,4105892,114036698,6192000000
2015/6/5,4647326,130227685.9,6313500000
2015/6/4,5611463,152273769.7,6205500000
2015/6/3,5677892,163034918.3,6396750000
2015/6/2,5395749,149614746.2,6385500000
2015/6/1,5035668,134877045.2,6142500000
2015/5/29,5555652,138400447.3,5737500000
2015/5/28,5879223,163958543.3,5793750000
2015/5/27,5298665,144761710.4,6435000000
2015/5/26,4916567,128628116.7,5928750000
2015/5/25,4098170,105314372.5,5827500000
2015/5/22,6195220,159710869.1,5807250000
2015/5/21,7977044,200401352.7,5872500000
2015/5/20,7088029,173625346.7,5490000000
2015/5/19,4318172,96360689.26,5078250000
2015/5/18,6950469,154331206.3,5080500000
2015/5/15,5473194,115558096,4772250000
2015/5/14,5797706,121522960.8,4776750000
2015/5/13,4382741,90650336.65,4585500000
2015/5/12,3199171,64094691.24,4524750000
2015/5/11,3039679,60232339.01,4504500000
2015/5/8,2184688,41306941.28,4344750000
2015/5/7,1601775,29766595.8,4124250000
2015/5/6,2573733,49926530.58,4306500000
2015/5/5,2584375,51188754.86,4387500000
2015/5/4,2071749,41326436.5,4504500000
2015/4/30,3175746,63495505.3,4455000000
2015/4/29,2464260,48744756.84,4475250000
2015/4/28,3190686,62698327.37,4360500000
2015/4/27,4570611,92583159.87,4542750000
2015/4/24,5854957,118131219.3,4556250000
2015/4/23,13944492,279025259.9,4479750000
2015/4/22,3956614,78356963.44,4466250000
2015/4/21,2302486,43160016.06,4257000000
2015/4/20,3492593,64995594.28,4131000000
2015/4/17,3754428,72452582.45,4353750000
2015/4/16,2269735,44185144.07,4421250000
2015/4/15,3224764,63986346.19,4317750000
2015/4/14,4957124,99990834.33,4574250000
2015/4/13,4263668,81831077.48,4376250000
2015/4/10,2591096,47927760.22,4203000000
2015/4/9,3225014,57401407.28,4023000000
2015/4/8,3354069,62408479.44,4162500000
2015/4/7,3899778,74385156.74,4306500000
2015/4/3,4549997,84827612.16,4187250000
2015/4/2,4145960,77750605.59,4227750000
2015/4/1,6198637,113136061.1,4203000000
2015/3/31,6975771,122202074.7,3998250000
2015/3/30,7077613,120668693.4,3937500000
2015/3/27,3731296,61302058.76,3730500000
2015/3/26,4144200,67638124.12,3642750000
2015/3/25,3618858,59023818.97,3692250000
2015/3/24,4523603,73349751.7,3640500000
2015/3/23,4010560,66051281.19,3739500000
2015/3/20,3255051,53056337.35,3672000000
2015/3/19,4116941,66941314.94,3667500000
2015/3/18,4663908,74904180.16,3640500000
2015/3/17,4211657,66423751.91,3534750000
2015/3/16,4701462,73325614.95,3566250000
2015/3/13,1627604,24611488.53,3411000000
2015/3/12,1569329,23405883.95,3341250000
2015/3/11,1980214,30080270.54,3397500000
2015/3/10,2443043,37004025.21,3431250000
2015/3/9,1709994,25382416.24,3370500000
2015/3/6,2271142,34147319.08,3348000000
2015/3/5,2125591,32040327.35,3417750000
2015/3/4,2958722,44596597.76,3413250000
2015/3/3,3406296,51245767.46,3372750000
2015/3/2,2809710,41827261,3375000000
2015/2/27,3317566,49376679.83,3359250000
2015/2/26,3353749,48635905.01,3303000000
2015/2/25,2112733,29889830.67,3183750000
2015/2/17,1368489,19177225.64,3150000000
2015/2/16,1938970,27128809.5,3147750000
2015/2/13,1382046,19192209.55,3123000000
2015/2/12,954631,13012421.89,3078000000
2015/2/11,746153,10005158.31,3037500000
2015/2/10,786011,10460948.74,2994750000
2015/2/9,675959,9021379.91,2988000000
2015/2/6,1306087,17596259.71,2981250000
2015/2/5,1226621,17025002.9,3087000000
2015/2/4,1440864,20190737.72,3134250000
2015/2/3,1690774,23652038.41,3150000000
2015/2/2,928528,12875871.31,3118500000
2015/1/30,1664849,23125930.62,3116250000
2015/1/29,1270810,17682705.21,3123000000
2015/1/28,2094706,29380466.91,3163500000
2015/1/27,2216072,30764107.71,3138750000
2015/1/26,1492429,20515871.42,3118500000
2015/1/23,1716601,23499866.14,3066750000
2015/1/22,2328526,32167561.53,3123000000
2015/1/21,3573019,48816187.3,3105000000
2015/1/20,2165599,28442262.56,3021750000
2015/1/19,2448085,31951573.91,2871000000
2015/1/16,1326096,17605834.52,2992500000
2015/1/15,2109042,27856302.32,2990250000
2015/1/14,1955437,25175518.32,2979000000
2015/1/13,1674683,21418100.22,2900250000
2015/1/12,1761818,22417867.48,2857500000
2015/1/9,5030329,67791749.98,2958750000
2015/1/8,4564314,60466177.11,3026250000
2015/1/7,2134499,27282224.73,2891250000
2015/1/6,2551708,32360460.41,2918250000
2015/1/5,2244630,28222523.31,2828250000
2014/12/31,1916635,24035309.94,2819250000
2014/12/30,2410825,30312650.76,2787750000
2014/12/29,2507012,32813198.68,2922750000
2014/12/26,1362031,18711981.55,3078000000
2014/12/25,1583066,21838609.78,3107250000
2014/12/24,2730949,36545652.53,3127500000
2014/12/23,5600631,74526640.27,3026250000
2014/12/22,4171018,58040497.62,3053250000
2014/12/19,3034875,45895441.28,3393000000
2014/12/18,2709458,42566458.6,3528000000
2014/12/17,3882101,63445716.86,3642750000
2014/12/16,6955420,116168088.6,3791250000
2014/12/15,11961339,203926276.8,3762000000
2014/12/12,8066168,133462237.1,3714750000
2014/12/11,7191400,116564873.4,3708000000
2014/12/10,5174023,82305752.81,3584250000
2014/12/9,2812875,42918749.43,3440250000
2014/12/8,1833291,28373283.41,3532500000
2014/12/5,1792436,27880033.58,3476250000
2014/12/4,1487957,23718690.88,3586500000
2014/12/3,2089330,32747827.38,3530250000
2014/12/2,1336087,21327309.76,3588750000
2014/12/1,2141729,34008301.15,3579750000
2014/11/28,3464502,56455999.36,3647250000
2014/11/27,5060788,82617675.96,3732750000
2014/11/26,2505066,40421176.76,3638250000
2014/11/25,2230988,35573526.93,3600000000
2014/11/24,1244889,19753911.39,3561750000
2014/11/21,2198406,34564088.81,3566250000
2014/11/20,1648249,26209820.85,3573000000
2014/11/19,1964835,32326743.74,3667500000
2014/11/18,706317,11572556.48,3678750000
2014/11/17,1372731,22534649.48,3721500000
2014/11/14,1143660,18428183.13,3649500000
2014/11/13,1969741,31228096,3647250000
2014/11/12,1171735,18836761.23,3654000000
2014/11/11,2571375,40802755.5,3645000000
2014/11/10,1665612,27163519.64,3694500000
2014/11/7,1808235,30305403.33,3703500000
2014/11/6,2854214,47908913.76,3773250000
2014/11/5,1903957,31551751.95,3748500000
2014/11/4,1791362,29599727.51,3701250000
2014/11/3,3002461,49953625.83,3710250000
2014/10/31,4869807,82342812.44,3784500000
2014/10/30,7528521,128160659.7,3825000000
2014/10/29,4854448,80891377.21,3791250000
2014/10/28,5939829,95514095.59,3667500000
2014/10/27,1286856,19803816.22,3521250000
2014/10/24,1863955,28940919.32,3456000000
2014/10/23,3452492,52444717.74,3404250000
2014/10/22,2015903,31683921.96,3505500000
2014/10/21,3607394,56710136.29,3552750000
2014/10/20,5307135,80908934,3521250000
2014/10/17,3285816,47667458.11,3300750000
2014/10/16,2693422,39897567.62,3339000000
2014/10/15,2664703,39656270.65,3363750000
2014/10/14,3210159,49175250.31,3408750000
2014/10/13,3336503,51766346.47,3528000000
2014/10/10,6381514,100200728.1,3534750000
2014/10/9,7224851,112049174.7,3537000000
2014/10/8,3977002,57819965.69,3375000000
2014/9/30,2418715,34513981.89,3208500000
2014/9/29,2822594,39910373.86,3192750000
2014/9/26,3217628,45388563.71,3174750000
2014/9/25,5143991,71702059.77,3172500000
2014/9/24,7125913,100240927.8,3105000000
2014/9/23,3822086,50665047.76,3057750000
2014/9/22,3856737,51584452.85,2981250000
2014/9/19,2861398,37943406.18,2992500000
2014/9/18,5650816,74902120.93,2992500000
2014/9/17,12146191,163018750.6,3048750000
2014/9/16,4300225,55409037,2808000000
2014/9/15,2693419,35241065.51,2970000000
2014/9/12,2459392,31545198.68,2902500000
2014/9/11,3948526,51063084.48,2902500000
2014/9/10,2912087,37077388.59,2884500000
2014/9/9,4050996,51062155.77,2866500000
2014/9/5,2843357,34994085.68,2776500000
2014/9/4,3722193,46185619.2,2803500000
2014/9/3,7289011,91168560.41,2776500000
2014/9/2,5011069,60716889.83,2760750000
2014/9/1,2433500,28580408.27,2673000000
2014/8/29,1699937,19530081.78,2605500000
2014/8/28,2191088,25171649.88,2569500000
2014/8/27,1311609,15004355.89,2558250000
2014/8/26,3482440,40115429.49,2574000000
2014/8/25,1990312,23409002.45,2634750000
2014/8/22,2394570,28288985.5,2670750000
2014/8/21,2400701,28240661.09,2648250000
2014/8/20,2270801,26820925.49,2661750000
2014/8/19,3123519,36780721.99,2664000000
2014/8/18,3217510,37589286.56,2650500000
2014/8/15,1947347,22258997.3,2580750000
2014/8/14,4416141,50685403.56,2562750000
2014/8/13,2489422,28041657.1,2529000000
2014/8/12,2168532,24651828.85,2571750000
2014/8/11,2133610,24179049.13,2558250000
2014/8/8,2968908,33565408.75,2526750000
2014/8/7,4482852,51157391.9,2522250000
2014/8/6,4621371,52801067.21,2592000000
2014/8/5,3547219,39421137.97,2526750000
2014/8/4,4044635,44584075.51,2493000000
2014/8/1,2616062,28350112.09,2403000000
2014/7/31,2141223,23234779.45,2450250000
2014/7/30,4213627,45790392.9,2445750000
2014/7/29,3197036,34048955.56,2418750000
2014/7/28,2063958,21734585.15,2371500000
2014/7/25,906265,9368085.34,2331000000
2014/7/24,2044418,21065191.79,2306250000
2014/7/23,2330020,24593854.89,2353500000
2014/7/22,2486918,26605924.15,2416500000
2014/7/21,3291240,35092059.82,2405250000
2014/7/18,1958724,20685512.27,2376000000
2014/7/17,1355737,14131006.19,2346750000
2014/7/16,1767640,18530016.47,2340000000
2014/7/15,2316204,24404940,2367000000
2014/7/14,2440807,25969121.37,2403000000
2014/7/11,1883128,19823353.56,2376000000
2014/7/10,1958576,20368591.21,2333250000
2014/7/9,3237386,34073332.93,2331000000
2014/7/8,3372690,35274627.31,2396250000
2014/7/7,3454828,36536936.98,2385000000
2014/7/4,7207087,77442943.04,2412000000
2014/7/3,13252258,146020056.6,2475000000
2014/7/2,4153287,42863692.55,2342250000
2014/7/1,3004349,30828797.89,2313000000
2014/6/30,4526435,46321571.29,2310750000
2014/6/27,2603142,26078552.71,2268000000
2014/6/26,2520757,25049101.22,2250000000
2014/6/25,1600964,15649006.51,2200500000
2014/6/24,1473737,14486507.07,2218500000
2014/6/23,1197574,11675152.73,2200500000
2014/6/20,2613004,25190969.33,2178000000
2014/6/19,2619079,25738585.47,2157750000
2014/6/18,2199568,22214124.1,2274750000
2014/6/17,2376440,24135496.1,2290500000
2014/6/16,4420234,45428114.93,2301750000
2014/6/13,2586394,25975842.75,2263500000
2014/6/12,4310659,43217968.78,2247750000
2014/6/11,3666644,37376006.92,2288250000
2014/6/10,9011271,92230847.08,2315250000
2014/6/9,9560507,98942285.3,2252250000
2014/6/6,2792569,28012168.12,2292750000
2014/6/5,1283131,12646365.31,2232000000
2014/6/4,738763,7179997.82,2187000000
2014/6/3,1363372,13425196.43,2205000000
2014/5/30,587049,5706802.69,2189250000
2014/5/29,803050,7855312.94,2189250000
2014/5/28,1606464,15783267.47,2218500000
2014/5/27,1165046,11354411.34,2193750000
2014/5/26,1062931,10294474.29,2189250000
2014/5/23,847526,8092645.05,2171250000
2014/5/22,1596418,15359979.88,2146500000
2014/5/21,1587761,14989741.93,2157750000
2014/5/20,740629,6920599.96,2092500000
2014/5/19,771699,7165244.28,2088000000
2014/5/16,687203,9724774.62,2124000000
2014/5/15,740169,10592423.88,2145000000
2014/5/14,1185218,17090629.64,2151000000
2014/5/13,1546717,22246602.91,2163000000
2014/5/12,3885675,55113702.52,2181000000
2014/5/9,7978144,123238816.4,2242500000
2014/5/8,1117184,16880270.27,2260500000
2014/5/7,1226283,18496961.34,2254500000
2014/5/6,3798896,57763971.63,2275500000
2014/5/5,3181943,47362598.86,2229000000
2014/4/30,1319187,19065489.21,2200500000
2014/4/29,516689,7187374.56,2092500000
2014/4/28,1370841,18925795.53,2100000000
2014/4/25,592889,8476145.71,2146500000
2014/4/24,666964,9499945.17,2143500000
2014/4/23,455040,6529014.12,2148000000
2014/4/22,1354515,19393950.62,2145000000
2014/4/21,1308408,19240463.07,2164500000
2014/4/18,795053,11944880.95,2244000000
2014/4/17,1122516,16908583.51,2269500000
2014/4/16,864250,12853283.92,2235000000
2014/4/15,853727,12817950.22,2248500000
2014/4/14,621969,9235286.11,2239500000
2014/4/11,908250,13380644.89,2206500000
2014/4/10,1075176,16146563.69,2241000000
2014/4/9,840915,12707292.9,2268000000
2014/4/8,1739171,26200622.1,2269500000
2014/4/4,980142,14464414.42,2226000000
2014/4/3,1130716,16279992.66,2199000000
2014/4/2,1383349,20007288.56,2119500000
2014/4/1,769176,11303473.81,2209500000
2014/3/31,612862,8908422.41,2193000000
2014/3/28,1232266,18083832.59,2181000000
2014/3/27,1644151,24525008.15,2193000000
2014/3/26,917366,13965460.98,2274000000
2014/3/25,1742541,26939342.53,2287500000
2014/3/24,1330375,20729768.34,2322000000
2014/3/21,1802863,27756513.1,2343000000
2014/3/20,2088096,32606351.69,2290500000
2014/3/19,2304697,36011105.27,2379000000
2014/3/18,2103719,32934569.84,2338500000
2014/3/17,3647483,57555752.83,2367000000
2014/3/14,5398010,83604806.8,2328000000
2014/3/13,3043784,46284090.51,2271000000
2014/3/12,2368509,34669705.24,2250000000
2014/3/11,1025489,14980413.23,2175000000
2014/3/10,1444881,21326052.61,2202000000
2014/3/7,1970081,29457768.89,2269500000
2014/3/6,1464627,21680044.56,2227500000
2014/3/5,2329350,35186998.7,2263500000
2014/3/4,2752986,41909056.63,2305500000
2014/3/3,4610506,71584787.99,2325000000
2014/2/28,3132258,45510810.25,2281500000
2014/2/27,1963659,28759709.24,2205000000
2014/2/26,1765121,25402862.83,2190000000
2014/2/25,3915498,59447870.98,2173500000
2014/2/24,1819131,26811208.81,2247000000
2014/2/21,1800531,26814323.88,2221500000
2014/2/20,2415650,36210337.43,2217000000
2014/2/19,3244282,49324589.57,2272500000
2014/2/18,3140898,48656894.7,2317500000
2014/2/17,2395041,36754247.27,2305500000
2014/2/14,2333492,35172033.9,2277000000
2014/2/13,3939649,59866271.22,2235000000
2014/2/12,3911821,58542793.7,2296500000
2014/2/11,2587921,37970863.47,2214000000
2014/2/10,3114401,45208260.99,2212500000
2014/2/7,1371339,19198268.75,2112000000
2014/1/30,894686,12403528.74,2070000000
2014/1/29,905482,12689047.75,2110500000
2014/1/28,985066,13758110.97,2086500000
2014/1/27,1884835,26283505.07,2115000000
2014/1/24,1500076,20895252.88,2089500000
2014/1/23,1475404,20461075.11,2085000000
2014/1/22,1849876,25495764.87,2083500000
2014/1/21,1038326,14027211.35,2029500000
2014/1/20,933577,12460985.25,2011500000
2014/1/17,1031867,13827354.15,2013000000
2014/1/16,855540,11446724.52,2005500000
2014/1/15,985853,13118638.03,2007000000
2014/1/14,1034114,13503451.07,1978500000
2014/1/13,685175,8830221.35,1923000000
2014/1/10,1256666,16312488.54,1924500000
2014/1/9,936164,12663947.98,2005500000
2014/1/8,1128044,15349874.45,2040000000
2014/1/7,826102,11153107.45,2031000000
2014/1/6,1378672,18710913.45,2011500000
2014/1/3,1152484,16220805.01,2101500000
2014/1/2,1691897,23960668,2130000000
2013/12/31,1602399,22493368.13,2097000000
2013/12/30,1564064,22329675.59,2143500000
2013/12/27,2334655,33294573.44,2143500000
2013/12/26,1732210,24271163.79,2107500000
2013/12/25,1948696,27210094.85,2118000000
2013/12/24,1178554,16060331.01,2047500000
2013/12/23,1137060,15405424.36,2038500000
2013/12/20,1300613,17311555.79,2010000000
2013/12/19,1677862,22928875.37,2007000000
2013/12/18,1187918,16418695.48,2070000000
2013/12/17,1876518,26304224.19,2074500000
2013/12/16,2157714,30718893.91,2137500000
2013/12/13,1890012,26590592.83,2125500000
2013/12/12,2382088,33690285.7,2095500000
2013/12/11,3339980,47118672.11,2115000000
2013/12/10,5227516,75529036,2176500000
2013/12/9,4507322,63395630.25,2133000000
2013/12/6,5727458,80189612.17,2091000000
2013/12/5,12399934,183066069.3,2164500000
2013/12/4,6720323,96099770.39,2164500000
2013/12/3,1648822,21281192.71,1968000000
2013/12/2,3155736,40719758.84,1905000000
2013/11/29,2678971,36214058.56,2029500000
2013/11/28,2168008,28794553,1984500000
2013/11/27,1687097,22177381.83,1981500000
2013/11/26,2597306,34042453.88,1974000000
2013/11/25,1628802,20988998.24,1942500000
2013/11/22,1468871,18879221.47,1915500000
2013/11/21,1345358,17187300.43,1914000000
2013/11/20,1514139,19458647.99,1944000000
2013/11/19,1777403,22787210.94,1932000000
2013/11/18,1955617,25049856.36,1926000000
2013/11/15,2022970,25649935,1893000000
2013/11/14,1683410,20888923.32,1878000000
2013/11/13,881575,10709358.12,1833000000
2013/11/12,1018156,12437067.25,1839000000
2013/11/11,689868,8286700.29,1807500000
2013/11/8,1138287,13626542.64,1783500000
2013/11/7,1085867,13295427.87,1839000000
2013/11/6,1508671,18624075.34,1843500000
2013/11/5,1366423,16703875.74,1857000000
2013/11/4,728398,8898166.35,1840500000
2013/11/1,1570529,19113401.08,1825500000
2013/10/31,1547629,18702362.22,1821000000
2013/10/30,2972388,35621744.52,1833000000
2013/10/29,4982224,62448724.14,1818000000
2013/10/28,3570834,47823318.04,1996500000
2013/10/25,5959226,81591904.09,2055000000
2013/10/24,7786739,105984762.4,2034000000
2013/10/23,3254483,42239761.51,1942500000
2013/10/22,3828531,50917070.8,1966500000
2013/10/21,3859128,50973262.38,1996500000
2013/10/18,3843965,50203802.02,1965000000
2013/10/17,3414817,43760068.19,1945500000
2013/10/16,1543123,19482616.98,1869000000
2013/10/15,1424829,18275472.3,1923000000
2013/10/14,2514256,32179042.09,1938000000
2013/10/11,1147546,14513918.28,1899000000
2013/10/10,1157800,14653852.6,1885500000
2013/10/9,1154900,14575977.99,1903500000
2013/10/8,1221116,15304268.97,1891500000
2013/9/30,679484,8397636.78,1858500000
2013/9/27,668206,8276906.09,1861500000
2013/9/26,1001076,12386665.24,1843500000
2013/9/25,1446072,18008130.71,1866000000
2013/9/24,1743648,22040935.34,1879500000
2013/9/23,1754221,21973018.83,1914000000
2013/9/18,3054624,38126839.08,1866000000
2013/9/17,3459646,45197866.93,1942500000
2013/9/16,1507792,19270720.64,1920000000
2013/9/13,1804054,23064234.04,1921500000
2013/9/12,2589649,33689261.44,1917000000
2013/9/11,4057153,52800792.74,1992000000
2013/9/10,2276693,29043047.13,1917000000
2013/9/9,2354871,30297274.75,1941000000
2013/9/6,2413308,31098608.76,1938000000
2013/9/5,4837078,62985551.78,1965000000
2013/9/4,2345123,29809111.32,1893000000
2013/9/3,2646908,33968846.55,1936500000
2013/9/2,3770497,48254447.82,1935000000
2013/8/30,3852806,48662214.45,1894500000
2013/8/29,1599999,19949463.77,1851000000
2013/8/28,2284684,28608550.76,1870500000
2013/8/27,1214210,14925590.61,1855500000
2013/8/26,1211762,14784082.09,1846500000
2013/8/23,1651668,19974115.02,1797000000
2013/8/22,1040840,12782385.04,1839000000
2013/8/21,1158665,14127994.43,1837500000
2013/8/20,999634,12211420.16,1839000000
2013/8/19,1241901,15071278.93,1828500000
2013/8/16,2782990,34602583.3,1812000000
2013/8/15,2133567,27112697.64,1887000000
2013/8/14,4222105,54959446.81,1938000000
2013/8/13,2535050,32513454.9,1935000000
2013/8/12,3863271,49907776.81,1939500000
2013/8/9,5299823,68178521.73,1944000000
2013/8/8,1371457,17135689.76,1872000000
2013/8/7,2089734,26299794.59,1866000000
2013/8/6,2422652,30880559.66,1921500000
2013/8/5,1706969,21586910.06,1896000000
2013/8/2,2452415,30986170.13,1875000000
2013/8/1,2544624,31625890.26,1881000000
2013/7/31,1318762,16001518.51,1809000000
2013/7/30,1536189,18687249,1825500000
2013/7/29,1232835,15165643.79,1848000000
2013/7/26,2094264,26116876.03,1875000000
2013/7/25,4715860,59714595.99,1897500000
2013/7/24,9078774,116289977,1957500000
2013/7/23,2348581,28778491.27,1842000000
2013/7/22,1389721,16693054.86,1816500000
2013/7/19,1548107,18301455.6,1759500000
2013/7/18,2448384,28619127.86,1770000000
2013/7/17,2597930,31352074.03,1794000000
2013/7/16,1876386,22921378.58,1840500000
2013/7/15,2365387,28916821.07,1849500000
2013/7/12,2219671,27112277.85,1807500000
2013/7/11,3894748,47779286.46,1833000000
2013/7/10,1657972,20093065.88,1839000000
2013/7/9,1543671,18558272.14,1792500000
2013/7/8,3581405,43430016.28,1804500000
2013/7/5,3289400,42994726.02,1927500000
2013/7/4,5345914,70707704.52,1993500000
2013/7/3,3841085,49097685.52,1933500000
2013/7/2,4544744,59440218.37,1977000000
2013/7/1,6050029,78922670.63,1986000000
2013/6/28,3181470,40546515.55,1912500000
2013/6/27,4146297,52853272.46,1906500000
2013/6/26,7070381,90545854.06,1939500000
2013/6/25,5319283,65462373.56,1897500000
2013/6/24,1607729,19341779.55,1800000000
2013/6/21,653636,7849769.59,1822500000
2013/6/20,838170,10424451.17,1857000000
2013/6/19,1494540,18878613.24,1906500000
2013/6/18,1892274,23778353.94,1920000000
2013/6/17,1829508,22757489.07,1881000000
2013/6/14,874819,10517728.68,1828500000
2013/6/13,1057099,12400885.7,1777500000
2013/6/7,745573,9074570.8,1807500000
2013/6/6,692823,8503235.89,1833000000
2013/6/5,572681,7006414.26,1839000000
2013/6/4,997665,12164514.22,1822500000
2013/6/3,986198,12271237.79,1855500000
2013/5/31,1367562,17215591.38,1885500000
2013/5/30,1267570,15994579.46,1890000000
2013/5/29,2347246,29511118.15,1891500000
2013/5/28,1771623,22045230.13,1870500000
2013/5/27,2749597,33953832.38,1866000000
2013/5/24,3606588,43743520.79,1804500000
2013/5/23,2024271,24269857.36,1800000000
2013/5/22,1468004,17577468.54,1788000000
2013/5/21,2282274,27224639.82,1807500000
2013/5/20,2101421,24895626.67,1782000000
2013/5/17,1564362,18273113.51,1752000000
2013/5/16,2476514,28841362.3,1756500000
2013/5/15,1625160,18557760.88,1725000000
2013/5/14,1111111,12444168.72,1692000000
2013/5/13,641700,7249353.61,1693500000
2013/5/10,852449,9631125.13,1701000000
2013/5/9,1306197,14598912.96,1681500000
2013/5/8,1459349,16460367.22,1696500000
2013/5/7,883582,9779609.7,1668000000
2013/5/6,760159,8403632.26,1663500000
2013/5/3,654445,7179360.74,1645500000
2013/5/2,443624,4775872.35,1623000000
2013/4/26,597728,6452343.57,1603500000
2013/4/25,1102474,12176370.25,1621500000
2013/4/24,763868,8547945.52,1687500000
2013/4/23,1031800,11676502.12,1671000000
2013/4/22,620487,7196563.04,1743000000
2013/4/19,1030226,12021087.57,1746000000
2013/4/18,734697,8452453.78,1740000000
2013/4/17,536632,6102911.37,1710000000
2013/4/16,451085,5082987.67,1705500000
2013/4/15,609620,6909013.61,1689000000
2013/4/12,1026913,11860082.41,1726500000
2013/4/11,535900,6101471.18,1708500000
2013/4/10,682941,7813338.11,1710000000
2013/4/9,629165,7269640.33,1728000000
2013/4/8,986268,11198105.8,1717500000
2013/4/3,1179808,13881315.82,1744500000
2013/4/2,1675904,20151796.22,1807500000
2013/4/1,1310717,15535022.44,1791000000
2013/3/29,1595941,18915858.39,1765500000
2013/3/28,1366399,16421040.32,1785000000
2013/3/27,1587718,19489942.61,1848000000
2013/3/26,3323516,40842903.05,1834500000
2013/3/25,2136579,27162471.8,1918500000
2013/3/22,4662853,59119484.31,1891500000
2013/3/21,2532268,33968793.6,2007000000
2013/3/20,3152634,42040813.27,2031000000
2013/3/19,2011681,26136803.14,1978500000
2013/3/18,2465206,32023862.56,1947000000
2013/3/15,3155957,41232305.47,1950000000
2013/3/14,3585904,48525200.43,2001000000
2013/3/13,5160405,68603994.65,2037000000
2013/3/12,3564778,45862704.97,1927500000
2013/3/11,4817800,62920924.28,1995000000
2013/3/8,5555675,71545284.33,1923000000
2013/3/7,2357855,29412805.34,1863000000
2013/3/6,1973830,24464210.61,1863000000
2013/3/5,1223591,14791463.87,1831500000
2013/3/4,1760190,21441072.69,1800000000
2013/3/1,1906857,23319988.38,1863000000
2013/2/28,1663166,20182804.23,1840500000
2013/2/27,1552943,18868704.76,1818000000
2013/2/26,2219113,27599347.06,1831500000
2013/2/25,2762881,34677717.09,1893000000
2013/2/22,2514529,31129733.47,1851000000
2013/2/21,1642478,19985200.06,1816500000
2013/2/20,2221321,27200431.51,1857000000
2013/2/19,1045293,12571111.24,1795500000
2013/2/18,1611185,19590217.27,1825500000
2013/2/8,1070914,12917480.29,1803000000
2013/2/7,612098,7246959.52,1776000000
2013/2/6,669630,7974694.91,1777500000
2013/2/5,1045624,12372780.19,1777500000
2013/2/4,1396027,16777218.28,1797000000
2013/2/1,1653208,20063382.03,1824000000
2013/1/31,1628148,19553514.8,1810500000
2013/1/30,2649491,31933931.99,1824000000
2013/1/29,1222770,14416871.6,1774500000
2013/1/28,1168598,13645403.99,1774500000
2013/1/25,977481,11222723,1726500000
2013/1/24,1960903,22871687.67,1711500000
2013/1/23,1446885,16941328.68,1767000000
2013/1/22,2397762,28798229.86,1774500000
2013/1/21,2249736,27586784.27,1846500000
2013/1/18,2348433,28533017.84,1849500000
2013/1/17,1862096,22377263.76,1794000000
2013/1/16,2749704,33555330.87,1830000000
2013/1/15,3619262,44781310.36,1863000000
2013/1/14,3567198,43117057.86,1842000000
2013/1/11,3529153,42451721.63,1788000000
2013/1/10,1697471,20091731.39,1783500000
2013/1/9,2591707,30899739.63,1770000000
2013/1/8,2641210,31227406.87,1788000000
2013/1/7,2945499,34417482.28,1776000000
2013/1/4,1651125,19231918.24,1732500000
2012/12/31,1486822,17542435.49,1768500000
2012/12/28,1610078,18990345.8,1780500000
2012/12/27,2566718,30752585.52,1773000000
2012/12/26,3987372,47999018.58,1836000000
2012/12/25,3208750,37201570.04,1770000000
2012/12/24,3240544,37985819.74,1731000000
2012/12/21,2675800,30522627.69,1732500000
2012/12/20,2179067,24500534.68,1693500000
2012/12/19,3092104,35388854.86,1708500000
2012/12/18,3278613,37153731.01,1704000000
2012/12/17,3010437,33805698.48,1689000000
2012/12/14,3265806,36293390.85,1686000000
2012/12/13,1974133,21586519.12,1614000000
2012/12/12,3317939,37172736.35,1678500000
2012/12/11,2430233,26898367.46,1642500000
2012/12/10,3666274,40901348.26,1692000000
2012/12/7,3512221,38487804.25,1665000000
2012/12/6,2162659,23284652.21,1606500000
2012/12/5,3280400,35240068.83,1639500000
2012/12/4,2352846,24125101.81,1563000000
2012/12/3,3608403,37814895.59,1578000000
2012/11/30,1615366,16458309.29,1540500000
2012/11/29,2481920,25404590.92,1516500000
2012/11/28,1893520,19013833.53,1516500000
2012/11/27,3893740,40770371.92,1533000000
2012/11/26,3421248,38258245.9,1678500000
2012/11/23,6345741,74049837.16,1720500000
2012/11/22,6893945,84117974.51,1845000000
2012/11/21,12596394,157886402,1879500000
2012/11/20,1490841,17815549.95,1792500000
2012/11/19,1214342,13021037.79,1629000000
2012/11/16,451464,4684603.65,1578000000
2012/11/15,404577,4218924.75,1563000000
2012/11/14,589860,6113986.78,1563000000
2012/11/13,868520,9225551.66,1575000000
2012/11/12,506394,5516778.11,1645500000
2012/11/9,661916,7203534.8,1627500000
2012/11/8,1167442,12988969.33,1635000000
2012/11/7,1004087,11502869.15,1725000000
2012/11/6,2965743,34232368.46,1741500000
2012/11/5,2670559,30542948.73,1725000000
2012/11/2,1179403,13126473.39,1666500000
2012/11/1,1485660,16762630.76,1689000000
2012/10/31,1200653,13287709.37,1678500000
2012/10/30,1315421,14491166.68,1660500000
2012/10/29,553785,5991730.26,1615500000
2012/10/26,1254230,13541765.49,1630500000
2012/10/25,1461532,15955918.24,1617000000
2012/10/24,1153670,12755458.95,1663500000
2012/10/23,1797529,20145065.43,1665000000
2012/10/22,3443134,38545096.28,1683000000
2012/10/19,6399926,77645220.27,1761000000
2012/10/18,2656668,32138601.7,1834500000
2012/10/17,1166559,13751265.85,1774500000
2012/10/16,2024933,24042918.47,1774500000
2012/10/15,1477453,17184973.7,1770000000
2012/10/12,2434202,28740343.21,1791000000
2012/10/11,1959654,22734100.86,1737000000
2012/10/10,3348027,39390855.52,1771500000
2012/10/9,1838900,20959497.51,1731000000
2012/10/8,1338862,14832257.07,1675500000
2012/9/28,1446775,15712648.11,1644000000
2012/9/27,1335861,14221414.27,1608000000
2012/9/26,1493089,16038199.33,1569000000
2012/9/25,1083124,12050684.85,1662000000
2012/9/24,1651781,18105137.12,1657500000
2012/9/21,2503844,28535573.09,1651500000
2012/9/20,2126865,24854776.81,1725000000
2012/9/19,2620805,31269831.32,1800000000
2012/9/18,3243198,39633104.37,1806000000
2012/9/17,6662737,83137569.18,1842000000
2012/9/14,10820603,144450868.7,1972500000
2012/9/13,3854701,48519278.98,1908000000
2012/9/12,1642967,18784604.34,1734000000
2012/9/11,1374566,15561644,1698000000
2012/9/10,2112854,24259344.68,1731000000
2012/9/7,2606489,29825963.55,1716000000
2012/9/6,2238400,24641593.52,1678500000
2012/9/5,1514057,16172979.87,1624500000
2012/9/4,1346301,14423773.2,1600500000
2012/9/3,907895,9620601.7,1597500000
2012/8/31,922828,9571581.19,1566000000
2012/8/30,1252921,13073717.79,1555500000
2012/8/29,1343786,14271457.72,1608000000
2012/8/28,1102358,11616695.21,1590000000
2012/8/27,2432524,25944772.12,1564500000
2012/8/24,2768636,32936857.77,1738500000
2012/8/23,1580733,18297041.55,1761000000
2012/8/22,1259457,14702034.79,1734000000
2012/8/21,1713131,19880171.98,1762500000
2012/8/20,1202144,13538477.84,1705500000
2012/8/17,1243062,14313903.17,1725000000
2012/8/16,2047022,23715682.64,1741500000
2012/8/15,3260832,39968666.99,1786500000
2012/8/14,3045072,36461636.67,1831500000
2012/8/13,2560760,30228210.08,1788000000
2012/8/10,2559177,30956946.36,1795500000
2012/8/9,3434307,41772419.75,1840500000
2012/8/8,4557910,55482740.78,1836000000
2012/8/7,10030221,122875326.1,1887000000
2012/8/6,2422207,27456107.13,1728000000
2012/8/3,1171739,12118145.64,1570500000
2012/8/2,1076189,11116613.57,1542000000
2012/8/1,1182087,12238980.99,1560000000
2012/7/31,848225,8509180.39,1513500000
2012/7/30,1047869,10743987.44,1533000000
2012/7/27,1427638,14926794.95,1549500000
2012/7/26,2008411,21608267.38,1582500000
2012/7/25,2666660,29924434.38,1657500000
2012/7/24,3040253,33270344.46,1653000000
2012/7/23,2566539,28114451.42,1624500000
2012/7/20,3962481,43304396.32,1618500000
2012/7/19,3876220,41539793.27,1663500000
2012/7/18,1508150,14838179.68,1512000000
2012/7/17,974058,9533655.12,1482000000
2012/7/16,2294376,23387543.84,1479000000
2012/7/13,1771305,19287344.76,1644000000
2012/7/12,1146941,12727532.94,1674000000
2012/7/11,2573472,28473448.73,1665000000
2012/7/10,1343733,16118957.38,1761000000
2012/7/9,1302323,16242476.27,1824000000
2012/7/6,1102077,13965750.3,1929000000
2012/7/5,1154904,14616358.34,1888500000
2012/7/4,2018094,26474966.09,1942500000
2012/7/3,1326885,17784425.21,1995000000
2012/7/2,1290125,17191834.89,2013000000
2012/6/29,1471135,19184315.57,2001000000
2012/6/28,947997,12657092.03,1981500000
2012/6/27,872932,11630284.79,1980000000
2012/6/26,1575129,20750626.34,1989000000
2012/6/25,1401250,19517793.29,2040000000
2012/6/21,1221429,17044581.68,2086500000
2012/6/20,2308908,32412324.61,2133000000
2012/6/19,2255920,31816046.83,2100000000
2012/6/18,2358714,34125109.12,2166000000
2012/6/15,1926093,27495948.91,2142000000
2012/6/14,2724202,39614718.45,2146500000
2012/6/13,3506009,50513050.37,2187000000
2012/6/12,3095035,43873985.61,2115000000
2012/6/11,2016620,27529576.12,2062500000
2012/6/8,2546375,34663059.27,2011500000
2012/6/7,2715211,38646395.27,2079000000
2012/6/6,2467334,35596552.3,2160000000
2012/6/5,2322778,34203197.5,2217000000
2012/6/4,3466057,51000175.69,2199000000
2012/6/1,7079197,111500320,2299500000
2012/5/31,4760521,71915762.78,2287500000
2012/5/30,8183778,130967496.6,2317500000
2012/5/29,7633083,118236641.1,2377500000
2012/5/28,8820463,135570353.2,2347500000
2012/5/25,13699307,207765660.8,2325000000
2012/5/24,12057392,178393399.3,2244000000
2012/5/23,2662586,35924152.98,2040000000
2012/5/22,3116162,42522197.06,2067000000
2012/5/21,7964720,113103718.6,2082000000
2012/5/18,6659769,93304654.8,2140500000
2012/5/17,1121879,14397822.79,1945500000
2012/5/16,587711,7415211.1,1884000000
2012/5/15,1000973,12672226.85,1912500000
2012/5/14,771521,9974690.72,1923000000
2012/5/11,693328,8996890.78,1930500000
2012/5/10,723101,9444298.74,1954500000
2012/5/9,1036159,13590243.47,1950000000
2012/5/8,1412629,18830515.35,2010000000
2012/5/7,1336402,17635052.11,1989000000
2012/5/4,1226939,16337583.29,2001000000
2012/5/3,1288054,16907788.34,1981500000
2012/5/2,1826157,24325364.1,1989000000
2012/4/27,2983482,39591807.47,1996500000
2012/4/26,1450993,18420792.06,1917000000
2012/4/25,1654251,21000174.66,1905000000
2012/4/24,1627852,21005719.09,1920000000
2012/4/23,1243627,16671824.88,1965000000
2012/4/20,1197876,16437410.15,2067000000
2012/4/19,1898690,26112298.62,2055000000
2012/4/18,1435990,20138158.64,2119500000
2012/4/17,878494,12424229.52,2110500000
2012/4/16,664839,9400683.58,2116500000
2012/4/13,1576455,22560381.28,2130000000
2012/4/12,2325826,32833476.69,2160000000
2012/4/11,1406798,19207504.98,2080500000
2012/4/10,944137,12581625.77,2032500000
2012/4/9,786877,10793304.5,2040000000
2012/4/6,945110,13151266.34,2085000000
2012/4/5,1283468,17899675.28,2116500000
2012/3/30,874919,18371451.73,2069000000
2012/3/29,659274,14109703.93,2155000000
2012/3/28,927009,20401921.7,2158000000
2012/3/27,863464,19881183.86,2278000000
2012/3/26,921702,21008622.43,2296000000
2012/3/23,0,0,2316000000
2012/3/22,981433,22702011.92,2316000000
2012/3/21,1111450,26142848.95,2336000000
2012/3/20,1647739,39459410.47,2373000000
2012/3/19,1862493,45408882.77,2469000000
2012/3/16,2290538,55783173.15,2445000000
2012/3/15,2322283,54826215.53,2387000000
2012/3/14,4517761,110423519.1,2351000000
2012/3/13,2099978,49983156.94,2394000000
2012/3/12,1454928,34116895.9,2358000000
2012/3/9,1676992,39028075.55,2346000000
2012/3/8,1078280,24676459.94,2287000000
2012/3/7,1200552,27219300.96,2254000000
2012/3/6,1673291,38244976.53,2270000000
2012/3/5,1688045,39703178.89,2343000000
2012/3/2,1395582,32505572.06,2336000000
2012/3/1,1191004,27350849.95,2289000000
2012/2/29,1958449,44993728.81,2279000000
2012/2/28,3950530,93172565.8,2336000000
2012/2/27,4365554,104958361.1,2490000000
2012/2/24,1950407,47070684.45,2410000000
2012/2/23,1641776,39341958.68,2396000000
2012/2/22,1869724,44371535.82,2406000000
2012/2/21,2067940,47979911.27,2360000000
2012/2/20,1753233,40462148.65,2287000000
2012/2/17,1538170,34891511.55,2300000000
2012/2/16,1106066,25083097.39,2265000000
2012/2/15,1254940,28455340.94,2285000000
2012/2/14,1559905,35496105.37,2268000000
2012/2/13,1903791,42992689.89,2250000000
2012/2/10,1580392,34396680.8,2198000000
2012/2/9,1204278,25764191.97,2133000000
2012/2/8,1335152,28018937.07,2129000000
2012/2/7,1311327,27271260.52,2067000000
2012/2/6,1106053,23607302.53,2132000000
2012/2/3,1161500,24635119.22,2133000000
2012/2/2,955918,19913354.15,2106000000
2012/2/1,1302954,27194526.14,2078000000
2012/1/31,760052,15463106.6,2067000000
2012/1/30,1083872,21984445.1,2027000000
2012/1/20,712518,14294989.34,2012000000
2012/1/19,587917,11531760.84,1968000000
2012/1/18,940455,18728727.06,1928000000
2012/1/17,962834,19037677.33,2028000000
2012/1/16,624039,12081013.93,1902000000
2012/1/13,1299510,26619169.23,1998000000
2012/1/12,872004,18606001.05,2132000000
2012/1/11,1106545,23648476.55,2128000000
2012/1/10,1780878,37872311.66,2149000000
2012/1/9,1733753,35701671.73,2088000000
2012/1/6,1095125,21176752.73,1990000000
2012/1/5,1379071,26871099.47,1945000000
2012/1/4,1916936,39517731.08,2003000000
2011/12/30,1448354,28855628.99,2001000000
2011/12/29,839876,16577278.2,1957000000
2011/12/28,788450,15367211,1976000000
2011/12/27,1184336,23861478.17,1970000000
2011/12/26,487286,10400880.92,2109000000
2011/12/23,953197,20554013.96,2138000000
2011/12/22,1932838,41446418.86,2158000000
2011/12/21,1188832,27379113.81,2265000000
2011/12/20,1047401,24283748.72,2283000000
2011/12/19,1275381,29243856.9,2340000000
2011/12/16,1293290,29687659.21,2329000000
2011/12/15,1005576,22887728.24,2260000000
2011/12/14,914078,21187108.97,2274000000
2011/12/13,1278138,30065226.38,2342000000
2011/12/12,765205,18614684.07,2415000000
2011/12/9,1087923,26447716.6,2427000000
2011/12/8,2282630,55888825.59,2469000000
2011/12/7,1184688,29158662.96,2472000000
2011/12/6,1530566,37506390.3,2470000000
2011/12/5,1896180,46492790.42,2424000000
2011/12/2,4588779,118282478.6,2534000000
2011/12/1,7192780,202309652.9,2755000000
2011/11/30,5774176,157546699,2778000000
2011/11/29,3258843,88082986.95,2759000000
2011/11/28,2115968,56188008.02,2653000000
2011/11/25,2917188,79373155.75,2680000000
2011/11/24,4056326,111058068.4,2779000000
2011/11/23,5018018,137732372.2,2732000000
2011/11/22,3179366,84078094.46,2710000000
2011/11/21,2070913,53882581.51,2629000000
2011/11/18,1759300,45392188.93,2576000000
2011/11/17,2656738,68684934.69,2612000000
2011/11/16,2759727,71238099.81,2524000000
2011/11/15,2325917,61889199.8,2678000000
2011/11/14,2314808,61265577.14,2655000000
2011/11/11,2067076,53892721.26,2560000000
2011/11/10,2284139,60740129.45,2630000000
2011/11/9,2706907,71941410.06,2704000000
2011/11/8,2164541,58988963,2668000000
2011/11/7,1832636,49895813.43,2733000000
2011/11/4,3075434,84832811.97,2749000000
2011/11/3,5722945,161135764.6,2742000000
2011/11/2,5450812,147947430.4,2830000000
2011/11/1,3295841,86953586.61,2640000000
2011/10/31,4677602,124015695.7,2673000000
2011/10/28,4483689,120437340.7,2721000000
2011/10/27,4881005,129765883.3,2686000000
2011/10/26,4983383,128904361.8,2602000000
2011/10/25,5736925,146579156.1,2570000000
2011/10/24,4257018,101547252.7,2473000000
2011/10/21,3112965,72751662.6,2305000000
2011/10/20,3954733,95255827.59,2400000000
2011/10/19,5555598,144761833.6,2525000000
2011/10/18,6906182,185244228,2601000000
2011/10/17,8075465,216410044.1,2657000000
2011/10/14,5042270,127073538.1,2545000000
2011/10/13,7696684,195802126.6,2577000000
2011/10/12,6047448,145858448.8,2480000000
2011/10/11,7005537,172370769.4,2413000000
2011/10/10,4562109,106532465,2360000000
2011/9/30,5354251,121509515.5,2269000000
2011/9/29,11522900,280662837.3,2408000000
2011/9/20,0,0,1800000000
